video_id,url,title,license,relevant
67OIlq2oMt0,https://youtu.be/67OIlq2oMt0,Hawaiian Islands Humpback Whale National Marine Sanctuary,creativeCommon,True
EUcMuUBMYJc,https://youtu.be/EUcMuUBMYJc,Tagging expedition: revealing the delicate nursing behavior of humpback whale calves,creativeCommon,True
dpSuygz7ZmA,https://youtu.be/dpSuygz7ZmA,Your Earth Is Blue: Disentangling a Humpback Whale,creativeCommon,
jfPzlFLEuKk,https://youtu.be/jfPzlFLEuKk,"Humpback Whale || Description, Characteristics and Facts!",creativeCommon,
xGasapMoy4I,https://youtu.be/xGasapMoy4I,Your Earth Is Blue: Humpback Whales,creativeCommon,
s72Pdy5V-YQ,https://youtu.be/s72Pdy5V-YQ,Breathtaking view of Humpback Whales Breaching,creativeCommon,
pvUi9HEUyD4,https://youtu.be/pvUi9HEUyD4,No Whales For You! - We came up empty on Humpback whale snorkeling,creativeCommon,
-iuAeU0Z0fs,https://youtu.be/-iuAeU0Z0fs,Your Earth Is Blue: Humpback Whales,creativeCommon,
yOy_VtJKhQU,https://youtu.be/yOy_VtJKhQU,humpback whale comes up to breathe air and it&#39;s huge,creativeCommon,
-X0ij0Vawk8,https://youtu.be/-X0ij0Vawk8,Nature and culture in Hawaiian Islands Humpback Whale National Marine Sanctuary,creativeCommon,
eCA930NiG10,https://youtu.be/eCA930NiG10,GTA 5 humpback whale location!,creativeCommon,
VPtPbyYk42A,https://youtu.be/VPtPbyYk42A,Balleny humpback whale research,creativeCommon,
5XqYSRbu1rY,https://youtu.be/5XqYSRbu1rY,Humpback whale in our ocean backyard,creativeCommon,
D5tJXsjLtA0,https://youtu.be/D5tJXsjLtA0,Humpback Whale Ready for a Close-up,creativeCommon,
T5EtHtnQ4kw,https://youtu.be/T5EtHtnQ4kw,Stranded humpback whale rescued in Argentina,creativeCommon,
RUKbv8108wQ,https://youtu.be/RUKbv8108wQ,Humpback Whale,creativeCommon,
-eTd_Zyak8I,https://youtu.be/-eTd_Zyak8I,Humpback whale,creativeCommon,
DGze-cecDMA,https://youtu.be/DGze-cecDMA,"Humpback Whale (Baleia Jubarte), Abrolhos, Brazil",creativeCommon,
PdARpduN44g,https://youtu.be/PdARpduN44g,Your Earth Is Blue: Humpback Whale Tagging at Stellwagen Bank,creativeCommon,
BzrFQm3CSLs,https://youtu.be/BzrFQm3CSLs,Swimming with humpback whales in French Polynesia,creativeCommon,
kOMpCDuj_Lw,https://youtu.be/kOMpCDuj_Lw,üêãüêã Breaching Humpback Whales üå¥Paradise |  MAUI ~ No Ka Oi üå∫,creativeCommon,
olXBq4kVOVo,https://youtu.be/olXBq4kVOVo,"Maui Humpback Whale Encounter February 17, 2020",creativeCommon,
bAQ3L_A3TxM,https://youtu.be/bAQ3L_A3TxM,Maui Humpback Whales Breaching,creativeCommon,
qzS15KNvWds,https://youtu.be/qzS15KNvWds,Humpback whale encounter off of Maui (near Lahaina),creativeCommon,
s_gVyzmyn5Y,https://youtu.be/s_gVyzmyn5Y,humpback whale jumping out of the water | humpback whale,creativeCommon,
IXiWONEUk_g,https://youtu.be/IXiWONEUk_g,Humpback Whale,creativeCommon,
ylzfC4xtrDQ,https://youtu.be/ylzfC4xtrDQ,Swimming with a Curious Humpback Whale Calf - Tonga,creativeCommon,
l5rQPUBMDOU,https://youtu.be/l5rQPUBMDOU,Antarctica üá¶üá∂ Melchior Islands waters kayaking encounter humpback whalesüòÄ,creativeCommon,
QTQM0gUcWw4,https://youtu.be/QTQM0gUcWw4,8/2 Humpback whale &quot;Ballpark&quot; lobtailing 34 times!,creativeCommon,
kMJNN5r_1RE,https://youtu.be/kMJNN5r_1RE,Human Rendition of a Humpback Whale,creativeCommon,
ocMUv0I4Kkg,https://youtu.be/ocMUv0I4Kkg,"Spectacular whale watching. Humpback whales, Alaska. With commentary",creativeCommon,
hjkH46aBkPo,https://youtu.be/hjkH46aBkPo,Maui Humpback Whales Breaching,creativeCommon,
s57I6x6zRUw,https://youtu.be/s57I6x6zRUw,humpback whale song,creativeCommon,
r3-H4061n0E,https://youtu.be/r3-H4061n0E,Humpback whale stuck in California harbor,creativeCommon,
t9I3HrtYDIw,https://youtu.be/t9I3HrtYDIw,Humpback whale caught on tape,creativeCommon,
yuCictQtr4U,https://youtu.be/yuCictQtr4U,Humpback Whale showing big tail at Loreto National Park - Thore Noernberg Whale Watching,creativeCommon,
MKmF_n1CGbo,https://youtu.be/MKmF_n1CGbo,Humpback Whale Breach - Deep Sea Divers Den,creativeCommon,
FKhOwKXrW54,https://youtu.be/FKhOwKXrW54,Humpback Whales swimming close to boat showing tails - Thore Noernberg Whale Watching,creativeCommon,
C1HpZ6ubbc8,https://youtu.be/C1HpZ6ubbc8,Ventana Humpback Whale Drawing by Doug Love of Mission Street Tattoo,creativeCommon,
RSi98HImm5A,https://youtu.be/RSi98HImm5A,Humpback Whales Broome Western Australia 1,creativeCommon,
fYTQplH44rY,https://youtu.be/fYTQplH44rY,Humpback whales feeding in  full force!,creativeCommon,
-lcMrem75B4,https://youtu.be/-lcMrem75B4,Humpback whales in Antarctica,creativeCommon,
mPx0yevy8qw,https://youtu.be/mPx0yevy8qw,Humpback Whale showing tail at Loreto N.P. - Thore Noernberg Whale Watching,creativeCommon,
VHtcfQk3C4Y,https://youtu.be/VHtcfQk3C4Y,Humpback Whale Feeding Calls,creativeCommon,
9D1Iy3ioadY,https://youtu.be/9D1Iy3ioadY,Humpback Whales,creativeCommon,
CH6gdWFD0iw,https://youtu.be/CH6gdWFD0iw,Humpback Whales SC,creativeCommon,
n02oMx6D_Bo,https://youtu.be/n02oMx6D_Bo,Humpback whale,creativeCommon,
CTL3nOIvTOo,https://youtu.be/CTL3nOIvTOo,Baby humpback whale breaches surface at the beach,creativeCommon,
_bi1_1IVdkw,https://youtu.be/_bi1_1IVdkw,"Water, Water Everywhere, Humpback Whale Photos",creativeCommon,
dmEpKFWf3yY,https://youtu.be/dmEpKFWf3yY,Humpback Whales,creativeCommon,
akEyWO3gsAo,https://youtu.be/akEyWO3gsAo,Your Earth Is Blue: Tagging Humpback Whales,creativeCommon,
z7xLge1v2M8,https://youtu.be/z7xLge1v2M8,Humpback Whale breaching,creativeCommon,
vlqKsRPUwok,https://youtu.be/vlqKsRPUwok,Drone Footage Shows Humpback Whales in Rare ‚ÄòHeat Run‚Äô in Australian Waters,creativeCommon,
YcvX1TcD30M,https://youtu.be/YcvX1TcD30M,The Whisper - Close up Video of Mother and Calf Humpback Whale Painting,creativeCommon,
AGAkpoFd7bw,https://youtu.be/AGAkpoFd7bw,Pond5 Stock Footage - Humpback Whale Mother and Calf,creativeCommon,
cuqAYDru0X0,https://youtu.be/cuqAYDru0X0,"Humpback whale breaching‚ÄîMaui, Hawai&#39;i",creativeCommon,
mo8j7Bl2GUU,https://youtu.be/mo8j7Bl2GUU,Rescuing a Humpback Whale from Marine Debris,creativeCommon,
29JnGdXPpx4,https://youtu.be/29JnGdXPpx4,Humpback Whale with Juanes Music - Baja California - Thore Noernberg Whale Watching,creativeCommon,
AOF_BMnslF4,https://youtu.be/AOF_BMnslF4,"Three humpback whales heading north, cape solander, by drone",creativeCommon,
w3pk1cd7Tl8,https://youtu.be/w3pk1cd7Tl8,Humpback whale near Santa Cruz Island,creativeCommon,
SDOq6WIwNDs,https://youtu.be/SDOq6WIwNDs,Ballenas Jorobadas (Humpback Whales),creativeCommon,
5PQTvJM4VS4,https://youtu.be/5PQTvJM4VS4,A humpback whale was found dead on a beach in southern France,creativeCommon,
jdwikdVSHVM,https://youtu.be/jdwikdVSHVM,Humpback Whales near San Juan Islands,creativeCommon,
5h0JyBDWBq4,https://youtu.be/5h0JyBDWBq4,Humpback Whales,creativeCommon,
prWx3L-kXSM,https://youtu.be/prWx3L-kXSM,humpback whales in hawaii,creativeCommon,
taNLnQg_x5E,https://youtu.be/taNLnQg_x5E,üòç ùóïùó≤ùòÄùòÅ ùó™ùóµùóÆùóπùó≤ ùó™ùóÆùòÅùó∞ùóµùó∂ùóªùó¥ ùó©ùó∂ùó±ùó≤ùóº  2‚Éù  üò≤ | B ü·¥ú·¥á W ú·¥Ä ü·¥á H·¥ú·¥ç·¥ò ô·¥Ä·¥Ñ·¥ã W ú·¥Ä ü·¥á | #Shorts,creativeCommon,
Et8K0OvH5Ag,https://youtu.be/Et8K0OvH5Ag,SeaWorld rescues 1-year old humpback whale entangled in fishing gear,creativeCommon,
FztOHiGiFWI,https://youtu.be/FztOHiGiFWI,Humpback Whales,creativeCommon,
HdNpqor2Tso,https://youtu.be/HdNpqor2Tso,Feel the world of Majestic Humpback Whales &amp; Orca #Zoneblank,creativeCommon,
qx_g2qqrlQ8,https://youtu.be/qx_g2qqrlQ8,Brisbane Whale Watching Humpback Whale RedCliff Australia,creativeCommon,
oLioQPJVhr8,https://youtu.be/oLioQPJVhr8,Humpback Whale,creativeCommon,
D1NxXVAMAV4,https://youtu.be/D1NxXVAMAV4,"Swimming with humpback whales@Vava&#39;u, Kingdom Of Tonga",creativeCommon,
B6j09ZpIczM,https://youtu.be/B6j09ZpIczM,What are Whale Baleen Plates? | WHALEZONE.TV S2E4,creativeCommon,
30bzyrXty3Q,https://youtu.be/30bzyrXty3Q,Humpback Whale in San Francisco,creativeCommon,
nAf0s8N2LeQ,https://youtu.be/nAf0s8N2LeQ,Humpback whale on tourist watching tour (2),creativeCommon,
HTsKcwJcrwo,https://youtu.be/HTsKcwJcrwo,humpback whale watch,creativeCommon,
68GjCtgOlGg,https://youtu.be/68GjCtgOlGg,Two humpback whales,creativeCommon,
Hfal2JMgvic,https://youtu.be/Hfal2JMgvic,Humpback Whales off Mitchell Bay,creativeCommon,
WQt8ajXamRE,https://youtu.be/WQt8ajXamRE,Humpback Whales I Maui Sailing 2019,creativeCommon,
sxQnFwgn1kU,https://youtu.be/sxQnFwgn1kU,"Humpback Whale by drone 6k off Gordon&#39;s Bay, Sydney, August 24, 2020",creativeCommon,
M7rMGYqtSiA,https://youtu.be/M7rMGYqtSiA,"Humpback Whales Breaching in S√£o Miguel, Azores Islands | TERRA AZUL‚Ñ¢",creativeCommon,
YLoUOsYOS0Q,https://youtu.be/YLoUOsYOS0Q,Humpback Whales Juneau AK bubble feeding,creativeCommon,
XpAPJXJAu1Y,https://youtu.be/XpAPJXJAu1Y,Humpback whale on tourist watching tour (1),creativeCommon,
3KRyiR2_yVQ,https://youtu.be/3KRyiR2_yVQ,Humpback whale off Fraser Island,creativeCommon,
Q_rLSTxG8_4,https://youtu.be/Q_rLSTxG8_4,Humpback Whales Antarctica 2020,creativeCommon,
xDodXg4sK-w,https://youtu.be/xDodXg4sK-w,Humpback Whales of Banderas Bay,creativeCommon,
W7mT6GM0m_c,https://youtu.be/W7mT6GM0m_c,Palmer Station OSAR Humpback whales,creativeCommon,
LLmp2mvs_bk,https://youtu.be/LLmp2mvs_bk,Humpback Whales - Bubble Net Feeding.mp4,creativeCommon,
Qz_RM0VKTvk,https://youtu.be/Qz_RM0VKTvk,Humpback Whale cruising &amp; sharing ocean w/Dolphins complimented by Relaxing &amp; Easy Listening Music,creativeCommon,
s5yq2SZcjHg,https://youtu.be/s5yq2SZcjHg,Humpback whale breaching the surface #Shorts,creativeCommon,
nDqDnKiIC-U,https://youtu.be/nDqDnKiIC-U,"10 #Facts You Didn&#39;t Know About #Humpback #Whales, Alaska | Animal #Videos",creativeCommon,
DQvP01mQWjE,https://youtu.be/DQvP01mQWjE,Humpback Whale Watching off Hillarys Perth WA,creativeCommon,
3bwN4JPCfI0,https://youtu.be/3bwN4JPCfI0,Huge dead humpback whale washes up in California,creativeCommon,
aSNAh6gQSNk,https://youtu.be/aSNAh6gQSNk,Humpback Whales Bubble Netting in the Gulf of Alaska,creativeCommon,
LCNvpa0oqSA,https://youtu.be/LCNvpa0oqSA,"Humpback whale watching - Gold Coast, Queensland",creativeCommon,
fr2Auro8C0c,https://youtu.be/fr2Auro8C0c,Assassins Creed 4 Black Flag Catching a Humpback Whale,creativeCommon,
RVUwblI7Rj0,https://youtu.be/RVUwblI7Rj0,Dolphins and Humpback Whales in Boston (360¬∞),creativeCommon,
ql4HVdr4dnY,https://youtu.be/ql4HVdr4dnY,Our First Encounter with Humpback Whales Bubble Netting Jul 2011,creativeCommon,
DtyaNYoDezA,https://youtu.be/DtyaNYoDezA,Humpback Whale 2,creativeCommon,
Pu2zz91MQDE,https://youtu.be/Pu2zz91MQDE,Baby Humpback Whale Trying To Fly,creativeCommon,
yVkjEWBdQWc,https://youtu.be/yVkjEWBdQWc,Ecotourism - Humpback Whales around Kerama Islands,creativeCommon,
poRjPH9RdZ0,https://youtu.be/poRjPH9RdZ0,"20170626 Twin Humpback Whale Calves on Reef Experience, Great Barrier Reef, Australia",creativeCommon,
nV48DXJhho4,https://youtu.be/nV48DXJhho4,Humpback whales migrating near Sydney 7 7 2013,creativeCommon,
XX5fgMcm6-8,https://youtu.be/XX5fgMcm6-8,Most relaxing whale song! #Humpback,creativeCommon,
-WezHnwYjys,https://youtu.be/-WezHnwYjys,Humpback Whale Breaching,creativeCommon,
D9mhRoIpgAc,https://youtu.be/D9mhRoIpgAc,Humpback Whales and Killer Whales Up in Alaska,creativeCommon,
NnaPPOuvMtM,https://youtu.be/NnaPPOuvMtM,Humpback whale washes ashore at Oceano Dunes interview with Mike Love,creativeCommon,
fRVxS4a5t6E,https://youtu.be/fRVxS4a5t6E,Sanctuaries Assist in Saving Humpback Whale,creativeCommon,
fk9dswhB8A8,https://youtu.be/fk9dswhB8A8,Threats to Canada¬¥s Humpbacks,creativeCommon,
Sorugs4BrIk,https://youtu.be/Sorugs4BrIk,Sanctuary Staff Free Entangled Humpback Whale,creativeCommon,
TxwiLcF3_9w,https://youtu.be/TxwiLcF3_9w,"Humpback Whales (Farallon Islands, Marine Wildlife Refuge, San Francisco, California)",creativeCommon,
u_0fEwRraUY,https://youtu.be/u_0fEwRraUY,DO YOU WANT TO SEE THE HUMPBACK WHALE//OCEAN REGION OF ALASKA IN AMERICA/WHALE TOURS,creativeCommon,
zt-nmVdMAR4,https://youtu.be/zt-nmVdMAR4,"humpback whale over the first golf green, malabar, new south wales",creativeCommon,
OsnTCQmUkp0,https://youtu.be/OsnTCQmUkp0,Humpback Whales,creativeCommon,
lHR9nTT5yds,https://youtu.be/lHR9nTT5yds,First Glimpse of Bubble Net Feeding   Humpback whales,creativeCommon,
oRPmJspTh90,https://youtu.be/oRPmJspTh90,Humpback Whales Bubble Net Feeding in Auke Bay,creativeCommon,
icKqRWZZcGA,https://youtu.be/icKqRWZZcGA,"humpback whale 1, Maui, Hawaii",creativeCommon,
rfOi6VSfxnY,https://youtu.be/rfOi6VSfxnY,Kayaking With Humpback Whales on Maui Hawaii  - The Detourist Guide To Travel - Maui | Ep. 23,creativeCommon,
-eVUfYUuaAE,https://youtu.be/-eVUfYUuaAE,A baby humpback whale with its mother  -  Tadoussac whale watching 20210730,creativeCommon,
ugt-7VPhQ_E,https://youtu.be/ugt-7VPhQ_E,Humpback whales - Ballenas jorobadas (Megaptera novaeangliae) - Kaldfjord (Troms - Norway),creativeCommon,
hCqeBH9jHEU,https://youtu.be/hCqeBH9jHEU,"Humpback whales off of Chatham, MA",creativeCommon,
XQYMQJ2qmF4,https://youtu.be/XQYMQJ2qmF4,Beautiful Humpback Whale Swimming and Playing in Clear Water - Animal Are Awesome,creativeCommon,
2GW084UvZUM,https://youtu.be/2GW084UvZUM,Humpback Whale Breaching in Slow Motion #shorts,creativeCommon,
DxLGc_kamm4,https://youtu.be/DxLGc_kamm4,"humpback whale 3, Maui, Hawaii",creativeCommon,
gihVPyfkbPY,https://youtu.be/gihVPyfkbPY,Baby Humpback Whale Sighting,creativeCommon,
6ZCeIQuQRT0,https://youtu.be/6ZCeIQuQRT0,"Humpback Whales near Saboga Island, Pearl Islands Archipielago, Panama",creativeCommon,
Hpnpj8wWsI0,https://youtu.be/Hpnpj8wWsI0,Volume up! The beautiful sound of a humpback   whale  #shorts,creativeCommon,
EybPdFgRaPg,https://youtu.be/EybPdFgRaPg,Great white (and tiger sharks) kills humpback whale and great white kills bull elephant seal,creativeCommon,
Gz2AaRJ07a4,https://youtu.be/Gz2AaRJ07a4,Beautiful Humpback Whales Dance | Blue Whale Game - Stay Away!!! | TourTripFun,creativeCommon,
y5T5Q-Y3RnM,https://youtu.be/y5T5Q-Y3RnM,Humpback whales in Townsville on the way back from The Great Barrier Reef,creativeCommon,
zAaw8yoZZjs,https://youtu.be/zAaw8yoZZjs,"Humpback whales, seals and gulls (Farallon Islands, San Francisco, California)",creativeCommon,
pMzfgIOZn4E,https://youtu.be/pMzfgIOZn4E,Humpback Whale,creativeCommon,
sEbKnXa-Tdg,https://youtu.be/sEbKnXa-Tdg,Saving Humpback Whale from Entanglement,creativeCommon,
WMVezwtlbOc,https://youtu.be/WMVezwtlbOc,Humpback Whale breaching,creativeCommon,
bG83945zeJU,https://youtu.be/bG83945zeJU,Great whites kill healthy humpback whale,creativeCommon,
LajBrMPY1jU,https://youtu.be/LajBrMPY1jU,Blue Whale blowing 100 meter from the boat - Baja California - Thore Noernberg Whale Watching,creativeCommon,
gQUrquj3wDE,https://youtu.be/gQUrquj3wDE,Humpback whale visits New Jersey June 2015,creativeCommon,
sXzFjTuyYmI,https://youtu.be/sXzFjTuyYmI,Killer Whale &amp; Dolphin - Whale Jump Slow Motion Compilation 3 -Whale Attack üêã #shorts #sea #whale,creativeCommon,
G_pmA60mbIE,https://youtu.be/G_pmA60mbIE,HUMPBACK WHALES @ HERMANUS - SOUTH AFRICA (HD),creativeCommon,
GVlN9siQr-Q,https://youtu.be/GVlN9siQr-Q,Humpback Whales - Brier Island,creativeCommon,
Zg6jLSaEtCQ,https://youtu.be/Zg6jLSaEtCQ,"Humpback Whale by Drone Clovelly and Coogee beaches, Sydney, Australia, August 21, 2020",creativeCommon,
pD9fLSa5oH0,https://youtu.be/pD9fLSa5oH0,Newfoundland Humpback Whales,creativeCommon,
slZq2kL9njk,https://youtu.be/slZq2kL9njk,Baleine √† bosses (Megaptera novaeangliae) Humpback Whale,creativeCommon,
5lVC4PnHOoY,https://youtu.be/5lVC4PnHOoY,Republic of Dominica / Las terrenas / Carnaval / Humpback whale,creativeCommon,
5os2kYJSFmY,https://youtu.be/5os2kYJSFmY,Earth Is Blue: Collaboration at Hawaiian Islands Humpback Whale National Marine Sanctuary,creativeCommon,
aip8zOb11E8,https://youtu.be/aip8zOb11E8,Humpback Whales in Maui 2013,creativeCommon,
cPXvyZZ0SdQ,https://youtu.be/cPXvyZZ0SdQ,Humpback Whale,creativeCommon,
aYxJOTAeE9A,https://youtu.be/aYxJOTAeE9A,&quot;Copyright free Sound-Effect&quot; Humpback Whale Call sound effect royalty free royalty free,creativeCommon,
lzMeoPLPF9I,https://youtu.be/lzMeoPLPF9I,Whale watching off Cape Spear,creativeCommon,
1YmZMdF5bA8,https://youtu.be/1YmZMdF5bA8,Humpback Whale Cut Free from Marine Debris - Maui 02.19.14 (Part 1),creativeCommon,
q0AfuJLVWQU,https://youtu.be/q0AfuJLVWQU,Humpback Whales in Johnson Straight,creativeCommon,
4JHqSAy6t9w,https://youtu.be/4JHqSAy6t9w,Humpback Whale showing tail at Bahia de La Paz - Thore Noernberg Whale Watching,creativeCommon,
TJ3X9Lh_3ZM,https://youtu.be/TJ3X9Lh_3ZM,PhD George Kostandi AC4 Black Flag Humpback Whale gamium 32,creativeCommon,
hBsFarHE1GQ,https://youtu.be/hBsFarHE1GQ,Why whales sing,creativeCommon,
fZWUK0r84I4,https://youtu.be/fZWUK0r84I4,Humpback whale - Wikipedia Spoken Articles,creativeCommon,
1dg3iPV-28o,https://youtu.be/1dg3iPV-28o,Humpback whales breach,creativeCommon,
xutojQbnxfY,https://youtu.be/xutojQbnxfY,Gloucester HarborWalk #36 Humpback Whale Watching-Cape Ann Whale Watch Gloucester MA,creativeCommon,
k-HnpCT2ilA,https://youtu.be/k-HnpCT2ilA,"Humpback Whales, California",creativeCommon,
UHFri3w2Ezo,https://youtu.be/UHFri3w2Ezo,Close Encounter Humpback Whales from TheMadDogs com,creativeCommon,
2n7cIGc-q4o,https://youtu.be/2n7cIGc-q4o,"Humpback Whales, out of Moss Landing, with Blue Ocean Whale Watch on 10-26-19",creativeCommon,
i3iC-VNfMMw,https://youtu.be/i3iC-VNfMMw,"Humpback whale breach compilation (Seabright Beach, Santa Cruz, California)",creativeCommon,
W8hINJq27yg,https://youtu.be/W8hINJq27yg,Humpback Whale Song Sounds from Deep Underwater,creativeCommon,
z9Bz-y7QSF8,https://youtu.be/z9Bz-y7QSF8,Kayakers Get the Surprise Of Their Life- Humpback Whale Surprise- Wait For It- Inches From kayaker,creativeCommon,
NMNnlzjcsog,https://youtu.be/NMNnlzjcsog,The Rower - Close encounter from a kayak with a humpback whale with a peculiar feeding habit,creativeCommon,
SXiKx7V8otI,https://youtu.be/SXiKx7V8otI,CIMS Humpback Responds20110731,creativeCommon,
FAMnckH8N_Y,https://youtu.be/FAMnckH8N_Y,Up She rises  Humpback Whale air lifts seagull,creativeCommon,
ZYwSxoRAkuQ,https://youtu.be/ZYwSxoRAkuQ,Copyright free Sound Effect Humpback Whale royalty free royalty free,creativeCommon,
NsijYD_F3qA,https://youtu.be/NsijYD_F3qA,"Humpback whales breaching off the cost of Maui, March 2022",creativeCommon,
4N_zwuDxBa0,https://youtu.be/4N_zwuDxBa0,Humpback soaks whale watchers off Alaska,creativeCommon,
FeWNiyNH6vY,https://youtu.be/FeWNiyNH6vY,Humpback Whale surfacing beside our boat.,creativeCommon,
Pycaf0MhCkA,https://youtu.be/Pycaf0MhCkA,The Secret Life of Whales | Nicholas Pyenson,creativeCommon,
Dgvi5xBW2Kg,https://youtu.be/Dgvi5xBW2Kg,Pacifica Humpback Whales 8/15/2020 (No Sound),creativeCommon,
nyxaX_AywxQ,https://youtu.be/nyxaX_AywxQ,NOAA unmanned technologies center captures rare whale behavior,creativeCommon,
rbLmyEEwlws,https://youtu.be/rbLmyEEwlws,Humpback Whale Shows AMAZING Appreciation After Being Freed From Nets,creativeCommon,
3SMabCPPzGM,https://youtu.be/3SMabCPPzGM,Humpback whales &#39;bubble net feeding&#39;.,creativeCommon,
8KkYluhWnO8,https://youtu.be/8KkYluhWnO8,"humpback whale 2, Maui, Hawaii",creativeCommon,
iyWN_GxgVrc,https://youtu.be/iyWN_GxgVrc,"The sounds of humpback Whales through the didgeridoo, Spine shivering , by | Gettin Didgee | TEDxSBU",creativeCommon,
c7LGCFBacjs,https://youtu.be/c7LGCFBacjs,Humpback whale Grindavik Iceland,creativeCommon,
jr1-WBOk4Hc,https://youtu.be/jr1-WBOk4Hc,Humpback whale close up slow mo,creativeCommon,
IxPz529WOXM,https://youtu.be/IxPz529WOXM,"Baby Humpback Whale Freed From Shark Nets Off The Gold Coast, Queensland, Australia",creativeCommon,
eA5K8ux0v7o,https://youtu.be/eA5K8ux0v7o,"Humpback whale near Akureyri, Iceland",creativeCommon,
c8OkwE68_RI,https://youtu.be/c8OkwE68_RI,Humpback Whale Tail Slapping off Maui,creativeCommon,
b0QJ-w-KgfA,https://youtu.be/b0QJ-w-KgfA,Scientists Scratching Their Heads Over Disappearance of Humpback Whales,creativeCommon,
HUnwwQBbIrY,https://youtu.be/HUnwwQBbIrY,"Whale Eat Pelicans   Pelican eat Cat, Bird, Fish",creativeCommon,
0JhO1A3h39c,https://youtu.be/0JhO1A3h39c,Humpback Whale Flipper Slapping,creativeCommon,
KQAIxJ38H1w,https://youtu.be/KQAIxJ38H1w,"kapsoo kim,humpback whale,interactive art,Í∏∞Ïà†Í≥º ÏòàÏà†",creativeCommon,
uPUzaURss0I,https://youtu.be/uPUzaURss0I,"Humpback whales &quot;bubble netting&quot; in Juneau, AK",creativeCommon,
Vire-ZzI9W0,https://youtu.be/Vire-ZzI9W0,üòç ùóïùó≤ùòÄùòÅ ùó™ùóµùóÆùóπùó≤ ùó™ùóÆùòÅùó∞ùóµùó∂ùóªùó¥ ùó©ùó∂ùó±ùó≤ùóº  üò≤ | B ü·¥ú·¥á W ú·¥Ä ü·¥á H·¥ú·¥ç·¥ò ô·¥Ä·¥Ñ·¥ã W ú·¥Ä ü·¥á | #Shorts,creativeCommon,
f3YxmTuyWkc,https://youtu.be/f3YxmTuyWkc,Humpback splashing fin,creativeCommon,
sxxaX0D-7Bc,https://youtu.be/sxxaX0D-7Bc,Humpback Whale Cut Free from Marine Debris - Maui 02.19.14 (Part 3),creativeCommon,
-yQBAlIngU8,https://youtu.be/-yQBAlIngU8,Do Whales and Dolphins have Parasites? | WHALEZONE.TV S3E1,creativeCommon,
H5I6xYFNTRw,https://youtu.be/H5I6xYFNTRw,"Humpback whales in front of the Opunohu Bay, Moorea",creativeCommon,
b86TbPGZOQI,https://youtu.be/b86TbPGZOQI,Humpback whales fight Orcas to protect other species  Why?,creativeCommon,
qcsoetuZ1z4,https://youtu.be/qcsoetuZ1z4,Humpback Whale Call,creativeCommon,
fj9tpsz9b6w,https://youtu.be/fj9tpsz9b6w,Emaciated Bryde Humpback Orca Whales Manatees Songbirds &amp; Seabirds Wreck Fukushima Nuclear Fallouts,creativeCommon,
wPoulPMBqgU,https://youtu.be/wPoulPMBqgU,An introduction to the Humpbacks of Hawaii,creativeCommon,
Ef7BtlsTJ0o,https://youtu.be/Ef7BtlsTJ0o,"(Ru) Humpback Whale Identification, 7th position by Igor Krashenyi @ ML #5",creativeCommon,
vvo_r70QoFU,https://youtu.be/vvo_r70QoFU,Up Close with Humpback Whales  Newfoundland December 21 2020,creativeCommon,
nA37471PVu0,https://youtu.be/nA37471PVu0,Listen to whale songs change pitch over time,creativeCommon,
P3sszAXgf7g,https://youtu.be/P3sszAXgf7g,Do Whales and Dolphins have Hair? | WHALEZONE.TV S3E5,creativeCommon,
fj9tpsz9b6w,https://youtu.be/fj9tpsz9b6w,Emaciated Bryde Humpback Orca Whales Manatees Songbirds &amp; Seabirds Wreck Fukushima Nuclear Fallouts,creativeCommon,
Ef7BtlsTJ0o,https://youtu.be/Ef7BtlsTJ0o,"(Ru) Humpback Whale Identification, 7th position by Igor Krashenyi @ ML #5",creativeCommon,
vvo_r70QoFU,https://youtu.be/vvo_r70QoFU,Up Close with Humpback Whales  Newfoundland December 21 2020,creativeCommon,
nA37471PVu0,https://youtu.be/nA37471PVu0,Listen to whale songs change pitch over time,creativeCommon,
P3sszAXgf7g,https://youtu.be/P3sszAXgf7g,Do Whales and Dolphins have Hair? | WHALEZONE.TV S3E5,creativeCommon,
hMcN2znw_Uc,https://youtu.be/hMcN2znw_Uc,Washed up humpback in Brazil,creativeCommon,
KOksy553ejs,https://youtu.be/KOksy553ejs,Pixelart speedpainting 201228 Humpback whale,creativeCommon,
bVq6kl9Y-Hc,https://youtu.be/bVq6kl9Y-Hc,Humpback Competition Pod   Maui 2016,creativeCommon,
JOgaBKm3vc0,https://youtu.be/JOgaBKm3vc0,#shorts | Man swallowed by whale but didn&#39;t die,creativeCommon,
NgmkBsXlHnE,https://youtu.be/NgmkBsXlHnE,"South of Gerringong Boat Harbour, NSW, Australia, Overcast summer days Humpback whales passing by.",creativeCommon,
VYGBwJCNDos,https://youtu.be/VYGBwJCNDos,Whale in Mackay,creativeCommon,
fYkjq6w8RYk,https://youtu.be/fYkjq6w8RYk,Humpback whales campbell river bc,creativeCommon,
ali6r9hLuh4,https://youtu.be/ali6r9hLuh4,Humpback mother and calf,creativeCommon,
vdxjS-JRoX0,https://youtu.be/vdxjS-JRoX0,Blue Whale: largest animal ever on earth!üò±üêã,creativeCommon,
o6UMtqo7ZOg,https://youtu.be/o6UMtqo7ZOg,Blues + Humpbacks = Joy,creativeCommon,
_gBjKebuSh4,https://youtu.be/_gBjKebuSh4,Orca &amp; Humpback Camp in Skjervoy / Norway,creativeCommon,
SYzZZSLdrbA,https://youtu.be/SYzZZSLdrbA,blue whale and child,creativeCommon,
lQAkd8GFJH8,https://youtu.be/lQAkd8GFJH8,whale jumping,creativeCommon,
2Vc2tr6-TZU,https://youtu.be/2Vc2tr6-TZU,Daily Drawing Fountain Pen Randomogrifier: A Humpback Whale,creativeCommon,
TlLq2HVAst0,https://youtu.be/TlLq2HVAst0,Breaching whale keeps flapping its tail to entertain whale watchers,creativeCommon,
t7JGvXKA2JU,https://youtu.be/t7JGvXKA2JU,Graphing Historic Humpback Landings,creativeCommon,
-5PXm8wsN-0,https://youtu.be/-5PXm8wsN-0,How far can Whales and Dolphins be heard? | WHALEZONE.TV S2E7,creativeCommon,
NqxuNJ8FJDg,https://youtu.be/NqxuNJ8FJDg,Blue Whale jumping!!!! satisfying video #shorts,creativeCommon,
7nf_GgUXphw,https://youtu.be/7nf_GgUXphw,&quot;Safe space&quot; - Surrealistic humpback whale painting - acrylic and airbrush,creativeCommon,
OTPQOVeP6Uk,https://youtu.be/OTPQOVeP6Uk,Best Whale Watching Ever!!!!!!!,creativeCommon,
ChOEAYUfkZ8,https://youtu.be/ChOEAYUfkZ8,Humpback @ Point Definance - 28 Oct 2018,creativeCommon,
YorcH28ZBCg,https://youtu.be/YorcH28ZBCg,humpback.MOD,creativeCommon,
d-W3_T3LCZY,https://youtu.be/d-W3_T3LCZY,AMoveE 2014: Corrie Curtice,creativeCommon,
KV1XSxkNCl4,https://youtu.be/KV1XSxkNCl4,"ALASKA&#39;S INSIDE PASSAGE (Part 1/6) - WHALE WATCHING in AUKE BAY, JUNEAU",creativeCommon,
X2ffdhImrmg,https://youtu.be/X2ffdhImrmg,"Rorqual com√∫ (4 ex.), Fin Whale, (Balaenoptera  physaluys)",creativeCommon,
C3i2TOcx1Vc,https://youtu.be/C3i2TOcx1Vc,whale jumps right next to the boat,creativeCommon,
sUURQmZAiTg,https://youtu.be/sUURQmZAiTg,Mama Humpback and her calf came close to the boat!,creativeCommon,
TI6ghGAckME,https://youtu.be/TI6ghGAckME,How Whales and Dolphins control Buoyancy? | WHALEZONE.TV S2E2,creativeCommon,
QUvxggkowAI,https://youtu.be/QUvxggkowAI,"2 Women swallowed by a whale in Avila beach , California!",creativeCommon,
PBBU4IxkIsI,https://youtu.be/PBBU4IxkIsI,Your Earth Is Blue: Happy Halloween!,creativeCommon,
B_eCM5oybBQ,https://youtu.be/B_eCM5oybBQ,Birth of a Killer Whale at SeaWorld¬Æ,creativeCommon,
_GnB7uKLRYQ,https://youtu.be/_GnB7uKLRYQ,South for Summer,creativeCommon,
XMxalUuhNCQ,https://youtu.be/XMxalUuhNCQ,Grey Whale shows tail 2 times - Baja California - Thore Noernberg Whale Watching,creativeCommon,
HS9OIBifQVw,https://youtu.be/HS9OIBifQVw,The Sound of Sperm Whales | WHALEZONE.TV,creativeCommon,
_M9CMI5EjcQ,https://youtu.be/_M9CMI5EjcQ,Humpback Whale Painting by David Munroe,creativeCommon,
yrl8AqRP1pE,https://youtu.be/yrl8AqRP1pE,Kauai Whales HD,creativeCommon,
0hH-YJ8bfPo,https://youtu.be/0hH-YJ8bfPo,Orca vs Whale jumps out of water/sea/ocean - Whale Attack compilation - Part 2 üêã #shorts #sea #whale,creativeCommon,
k0ixy1LVCVA,https://youtu.be/k0ixy1LVCVA,Whale Blows Water Sound Effect | Humpback Sea Whale Blowing Water Sounds | Royalty Free,creativeCommon,
3S2PbkQwbyw,https://youtu.be/3S2PbkQwbyw,#shorts | Big Blue Whale with drone&#39;s Footage | Biggest creature on Earth #whale,creativeCommon,
9CtUFzka0w0,https://youtu.be/9CtUFzka0w0,Whale Watching at Santa Cruise Island with Island Packers,creativeCommon,
23XFBi2tn20,https://youtu.be/23XFBi2tn20,I Saw Whales! | Monterey | California Travel Guide Highlights,creativeCommon,
szM2QHZaqMY,https://youtu.be/szM2QHZaqMY,Species at Risk in Atlantic Canada - Blue Whale,creativeCommon,
JDXs_R_ibQc,https://youtu.be/JDXs_R_ibQc,10 WONDERFUL FACTS ABOUT WHALE,creativeCommon,
A95WcO6lWUA,https://youtu.be/A95WcO6lWUA,After the whale,creativeCommon,
muvUwLbPoRo,https://youtu.be/muvUwLbPoRo,Whale watching off Pine Cay in the Turks and Caicos,creativeCommon,
_puoDHuKUG0,https://youtu.be/_puoDHuKUG0,SAVVY Express: Rochelle Constantine - Humpback whale recovery,creativeCommon,
g1pi-UpZQrU,https://youtu.be/g1pi-UpZQrU,Do Whales and Dolphins cross the Equator? | WHALEZONE.TV S1E4,creativeCommon,
onJa8PF15sQ,https://youtu.be/onJa8PF15sQ,Interesting facts about southern right whale by weird square,creativeCommon,
cGlbbXmUMKU,https://youtu.be/cGlbbXmUMKU,humpback.AVI,creativeCommon,
WJFV0Y48BW8,https://youtu.be/WJFV0Y48BW8,Stories from the Blue: Uncle Sol,creativeCommon,
ukMBLLpO4n0,https://youtu.be/ukMBLLpO4n0,Fiji coral head with whale song in the background,creativeCommon,
NZ3y6ETJQfQ,https://youtu.be/NZ3y6ETJQfQ,"Nekton: Whales, Fish, and More",creativeCommon,
V-kNc0wy4sw,https://youtu.be/V-kNc0wy4sw,Blue Whale Baleia Azul de 30 Metros,creativeCommon,
7pppjLPqT9g,https://youtu.be/7pppjLPqT9g,China 2019 - The Secret Life of Whales,creativeCommon,
2dZCdukiafs,https://youtu.be/2dZCdukiafs,"whale at Klamath river, crossing the 101",creativeCommon,
tGgBXiNOEc8,https://youtu.be/tGgBXiNOEc8,"They Came Across A Giant Orca, On Closer Inspection, Something Didn‚Äôt Look Right",creativeCommon,
HLQO9tbuBk8,https://youtu.be/HLQO9tbuBk8,Port Stephens Private Tour for Whales Watching and Dunes,creativeCommon,
OEDiYTK1fes,https://youtu.be/OEDiYTK1fes,Your Earth is Blue: XL Catlin Seaview Survey in Hawaii,creativeCommon,
zCwSOpnwqZc,https://youtu.be/zCwSOpnwqZc,Dr Dave Lundquist on whale strandings,creativeCommon,
De9o63f3lCE,https://youtu.be/De9o63f3lCE,Blue Whale Facts: 23 facts about the Blue Whale,creativeCommon,
loyJhEcs7YM,https://youtu.be/loyJhEcs7YM,"Planet Dolphin Catamaran -Manuel Antonio,CR",creativeCommon,
VgXcUtZiURI,https://youtu.be/VgXcUtZiURI,Sydney Premium Whale Watching Cruise and Sydney Private Tour,creativeCommon,
4j-JsR8j2D8,https://youtu.be/4j-JsR8j2D8,Wild Dolphins Hawaii | Smart Dolphins | Cetacea and the Ocean - Sailing Aulani Aloha,creativeCommon,
iTj6pofVoiM,https://youtu.be/iTj6pofVoiM,"Whales,Dolphins,Seals Watching Cruise Port Stephens Australia",creativeCommon,
gU8uKUdrbbE,https://youtu.be/gU8uKUdrbbE,Plastic consequences on Whales and Dolphins? | WHALEZONE.TV S1E2,creativeCommon,
Uf128_pprzQ,https://youtu.be/Uf128_pprzQ,York County Audubon presents: The Narwhal&#39;s Tusk by Zack Klyver,creativeCommon,
_u_WcMv_fdE,https://youtu.be/_u_WcMv_fdE,Your Earth Is Blue: Dolphins,creativeCommon,
cAHR6pO4TOc,https://youtu.be/cAHR6pO4TOc,Whale Watching - The Happy Whale in Byron Bay,creativeCommon,
KhHAFLsNaiM,https://youtu.be/KhHAFLsNaiM,G2 Humpback,creativeCommon,
L8maKFe5Em4,https://youtu.be/L8maKFe5Em4,Carving a Whale from Polystyrene / Styrofoam by Sculpture Studios,creativeCommon,
AAKQduCCYVI,https://youtu.be/AAKQduCCYVI,Sunset Dinner Cruise,creativeCommon,
KN8cpRJn7tU,https://youtu.be/KN8cpRJn7tU,this is what is beggest whale in the world,creativeCommon,
thvtnNBmfr4,https://youtu.be/thvtnNBmfr4,Senior Core and Balance with Miss Sharon (&quot;Humpback&quot; Stretch),creativeCommon,
7f8s6zVzpM0,https://youtu.be/7f8s6zVzpM0,150 Whales Beached in Australia | as Rescuers Fight | to Save Them,creativeCommon,
28GWJnuIEN4,https://youtu.be/28GWJnuIEN4,Whale almost knocking over standuppaddler!,creativeCommon,
11j1dvvmffM,https://youtu.be/11j1dvvmffM,Your Earth is Blue: Exploring an F6F Hellcat Fighter Wreck,creativeCommon,
_bsfYpM6kCs,https://youtu.be/_bsfYpM6kCs,22/01/02 Point Robinson humpback clip,creativeCommon,
wi3bfPTbojc,https://youtu.be/wi3bfPTbojc,"There Be Whales, Jim!",creativeCommon,
shAGY-ckut0,https://youtu.be/shAGY-ckut0,Iceberg Quest with NBC crew from NY,creativeCommon,
p-XSmuC_-p0,https://youtu.be/p-XSmuC_-p0,Airport Beach - Unicorn Fish and Humpback Song,creativeCommon,
2fyj4fuc7QU,https://youtu.be/2fyj4fuc7QU,Doberman makes whale sounds!,creativeCommon,
09zqo1KtRxU,https://youtu.be/09zqo1KtRxU,Your Earth is Blue: Coral Reef Bleaching,creativeCommon,
tf8BBa1v5mc,https://youtu.be/tf8BBa1v5mc,Your Earth Is Blue: Stellwagen Bank and Monterey Bay,creativeCommon,
Rl-e0Cm8sD8,https://youtu.be/Rl-e0Cm8sD8,Whale Sounds | Free Sound Effects | Animal Sounds,creativeCommon,
PFX-YojyXPA,https://youtu.be/PFX-YojyXPA,Cabo San Lucas vacation during Hurricane Olaf,creativeCommon,
Fh2rekzElVQ,https://youtu.be/Fh2rekzElVQ,Whale washed up in Felixstowe,creativeCommon,
BAknViVphaw,https://youtu.be/BAknViVphaw,SYNTH BLOKIA DONT PASS IT UP ITS A JOURNEY,creativeCommon,
5yNbUEMtOsI,https://youtu.be/5yNbUEMtOsI,Your Earth Is Blue: Measuring Sound in Cordell Bank National Marine Sanctuary,creativeCommon,
iXjpyhdYxbg,https://youtu.be/iXjpyhdYxbg,Rock-rubbing bowhead whale,creativeCommon,
EJCSp-lg0AQ,https://youtu.be/EJCSp-lg0AQ,Risso&#39;s dolphins,creativeCommon,
DAL3nYCh5R4,https://youtu.be/DAL3nYCh5R4,Whales of Gold,creativeCommon,
f5g4HwDj7NA,https://youtu.be/f5g4HwDj7NA,Killer whale facts: 20 facts about Killer Whales,creativeCommon,
VOG_29JCX7w,https://youtu.be/VOG_29JCX7w,"Amazing Sperm Whales in S√£o Miguel, Azores | TERRA AZUL‚Ñ¢",creativeCommon,
Iwj79xnsCYE,https://youtu.be/Iwj79xnsCYE,Great White Shark Warns Irresponsible Scuba Diver,creativeCommon,
faPMXOUEIJA,https://youtu.be/faPMXOUEIJA,"Blue and Fin whales in S√£o Miguel, Azores Islands | TERRA AZUL‚Ñ¢",creativeCommon,
faPMXOUEIJA,https://youtu.be/faPMXOUEIJA,"Blue and Fin whales in S√£o Miguel, Azores Islands | TERRA AZUL‚Ñ¢",creativeCommon,
pRk8cCCo3JQ,https://youtu.be/pRk8cCCo3JQ,Interesting facts about long finned pilot whale by weird square,creativeCommon,
EYrPAZoLbUA,https://youtu.be/EYrPAZoLbUA,Natural Selection In Whales,creativeCommon,
7hS7F8vk_aI,https://youtu.be/7hS7F8vk_aI,Thrilling orca sighting off the KZN South Coast - Footage Credit - Rustin Naidoo/ First Lite,creativeCommon,
uhYgFsnvZh4,https://youtu.be/uhYgFsnvZh4,Your Earth Is Blue: Hawaiian Monk Seal,creativeCommon,
uGXpk4Nft6M,https://youtu.be/uGXpk4Nft6M,Your Earth Is Blue: Moray Eel,creativeCommon,
CiBMVY82KHA,https://youtu.be/CiBMVY82KHA,Kingfish Orca Liveaboard Norway,creativeCommon,
oichcYfWhgs,https://youtu.be/oichcYfWhgs,Steward Spotlight: Jaxine Wolfe,creativeCommon,
-OvA-hj1hfY,https://youtu.be/-OvA-hj1hfY,Lonely Whale VR,creativeCommon,
KyvYxFmvHS8,https://youtu.be/KyvYxFmvHS8,Maui Hawaii Family Vacation + Whales + Maui Sunsets  - The Detourist Guide To Travel - Maui | Ep. 11,creativeCommon,
CyyMNtmu724,https://youtu.be/CyyMNtmu724,Stories from the Blue: Kimokeo Kapahulehua,creativeCommon,
SvZrcqFmSXM,https://youtu.be/SvZrcqFmSXM,Majestic sperm whale by Spray Art Eden,creativeCommon,
2AyJE_18eRQ,https://youtu.be/2AyJE_18eRQ,Devoted Humpback Mama Basking In The Warm Watter Of Tonga,creativeCommon,
bPq9nWZZHPM,https://youtu.be/bPq9nWZZHPM,Basking shark near Channel Islands National Marine Sanctuary,creativeCommon,
VVjPgqawT4Y,https://youtu.be/VVjPgqawT4Y,"CLOSE UP OF DEAD SPERM WHALE AT HUNSTANTON, NORFOLK - 25.01.2016",creativeCommon,
F_i4MRez4V8,https://youtu.be/F_i4MRez4V8,Spitting Cave and Whales Hawaii,creativeCommon,
73vPFnxN8U0,https://youtu.be/73vPFnxN8U0,"Killer Whales in the Wild, in S√£o Miguel | Azores Whale Watching TERRA AZUL‚Ñ¢",creativeCommon,
6bAhV6TiKVY,https://youtu.be/6bAhV6TiKVY,Bedtime story | The Whale Who Ate Everything,creativeCommon,
u-gsWaUSUcc,https://youtu.be/u-gsWaUSUcc,What If You Were Swallowed by a Whale? REACTION,creativeCommon,
jqNfiGebw9E,https://youtu.be/jqNfiGebw9E,Shamu   FU  Killer Whale San Diego Accident,creativeCommon,
MfSIsrsmdT4,https://youtu.be/MfSIsrsmdT4,"Whale Whipping Tail (1920x1088, 24fps) Free Creative Commons YouTube Stock Footage",creativeCommon,
MeyPa7qDyBI,https://youtu.be/MeyPa7qDyBI,"Connecting to the Poles with Brittany Potter, John Lenters, Reny Tyson and Karita Negandhi",creativeCommon,
FkZ8ku4QSgk,https://youtu.be/FkZ8ku4QSgk,My TripAdvisor Discovery ‚Äì Whale Watching in California,creativeCommon,
x6B6SsVjdNU,https://youtu.be/x6B6SsVjdNU,Antarctica 2020 ‚Äì A photoPXL and Rockhopper Workshop,creativeCommon,
ssmZ07gMD9I,https://youtu.be/ssmZ07gMD9I,"CAGED (St. Mary&#39;s Bay, Nova Scotia Salmon Cages)",creativeCommon,
Vd5gKgcSu9c,https://youtu.be/Vd5gKgcSu9c,Turtle Talk: Leatherback Sea Turtles,creativeCommon,
4CkdF8D--Nk,https://youtu.be/4CkdF8D--Nk,Did we almost just get eaten by a crocodile?   [Ep.10],creativeCommon,
-86IlwcvG1c,https://youtu.be/-86IlwcvG1c,Sperm Whales / Cachalotes,creativeCommon,
4rm42Aev0_s,https://youtu.be/4rm42Aev0_s,Medieval Bestiary: The Whale,creativeCommon,
qxsk3FRnAT4,https://youtu.be/qxsk3FRnAT4,Devoted Humpback Mama Basking In The Warm Watter Of Tonga,creativeCommon,
WXJKG6D0UnM,https://youtu.be/WXJKG6D0UnM,AceMan - Bernard the Uncanny Whale,creativeCommon,
o_ZyNm3cxFw,https://youtu.be/o_ZyNm3cxFw,SNESdrunk Plays Secret of Mana: Whale Lizard - PART 10,creativeCommon,
N6ieaNCC6rM,https://youtu.be/N6ieaNCC6rM,Humpback is dancing,creativeCommon,
4NxP1AA3FfA,https://youtu.be/4NxP1AA3FfA,"BHEL fish üò± üêü , fish short video",creativeCommon,
eDLuyJWT0Lg,https://youtu.be/eDLuyJWT0Lg,"Sei Whale (Balaenoptera borealis) in S√£o Miguel, Azores Islands | TERRA AZUL‚Ñ¢",creativeCommon,
Ojyqmw36PM0,https://youtu.be/Ojyqmw36PM0,Beluga Whales Video for Kids With FREE Activity Workbook Download!,creativeCommon,
bYhVe8zfMiU,https://youtu.be/bYhVe8zfMiU,"David Rothenberg - &#39;Bird, Whale, Bug&#39; concert",creativeCommon,
wM8Yzr_Jy1c,https://youtu.be/wM8Yzr_Jy1c,"Iceland H√∫sav√≠k North Sailing Whale  Hunting by drone in ocean , whale watching tour",creativeCommon,
ugEu_EZ0ix4,https://youtu.be/ugEu_EZ0ix4,Associate Professor Rochelle Constantine wins inaugural Sir Peter Blake Trust environment award,creativeCommon,
FdQ350wDcJU,https://youtu.be/FdQ350wDcJU,Largest baleen whale mass mortality event - PeerJ video abstract,creativeCommon,
y-2IoDaX160,https://youtu.be/y-2IoDaX160,Amazing Rural Fishing Video üêü Best Asian Fishing Technique üêü #shorts,creativeCommon,
xIL7wEHUJRM,https://youtu.be/xIL7wEHUJRM,‚ñà Ocean of Giants - Wildlife Animal ‚Ä¢ DOCUMENTARY ‚Ä¢ National Geographic,creativeCommon,
vr8wWAtU9C8,https://youtu.be/vr8wWAtU9C8,What!! Baby whale wants to be pet! ‚ñ∫ | Gray Whale watching - Baja Mexico EP10 - Live and Give 4x4,creativeCommon,
imBLLN3e_fs,https://youtu.be/imBLLN3e_fs,Killer Whale | Spray technique with acrylic by Spray Art Eden,creativeCommon,
3GLcWFVatXY,https://youtu.be/3GLcWFVatXY,Whale encounters and Fishing North QLD (Whale nearly hits Boat),creativeCommon,
8Q9GDw3-k3U,https://youtu.be/8Q9GDw3-k3U,Surfer got surprise visit by blue whalesüê≥üê≥ #bluewhale #surfers #whale #shorts #viralshorts,creativeCommon,
9OfFDORrBUI,https://youtu.be/9OfFDORrBUI,Devoted humpback mama basking in the warm water of Tonga,creativeCommon,
zlBSiILunKU,https://youtu.be/zlBSiILunKU,Humpback in Resurrection Bay,creativeCommon,
mfL1FcMaf6c,https://youtu.be/mfL1FcMaf6c,How To Animate A Whale In 5 Minutes In Cinema4D - Quick Tutorial,creativeCommon,
KS8cOlDZahE,https://youtu.be/KS8cOlDZahE,AUSTRALIA | Vlog 126 - They Came So Close!,creativeCommon,
GrWpwOSGZBs,https://youtu.be/GrWpwOSGZBs,"Cara a cara com a baleia, jubarte, ser√° ??",creativeCommon,
bVq6kl9Y-Hc,https://youtu.be/bVq6kl9Y-Hc,Humpback Competition Pod   Maui 2016,creativeCommon,
hMcN2znw_Uc,https://youtu.be/hMcN2znw_Uc,Washed up humpback in Brazil,creativeCommon,
Mpt3K8t7h2o,https://youtu.be/Mpt3K8t7h2o,Seabird and Whale Tales 2015 by Debbie Plume,creativeCommon,
tfvF6OWu0hM,https://youtu.be/tfvF6OWu0hM,whale sound (2021) #shorts# amazing sound wanle,creativeCommon,
I8xqtZF79v8,https://youtu.be/I8xqtZF79v8,An Animal With 150000 KG Body Weight.#shorts,creativeCommon,
Lu72L6gVBdQ,https://youtu.be/Lu72L6gVBdQ,viral video see fishüêãüê¨üê¨,creativeCommon,
2AyJE_18eRQ,https://youtu.be/2AyJE_18eRQ,Devoted Humpback Mama Basking In The Warm Watter Of Tonga,creativeCommon,
BuaZyCTlvbw,https://youtu.be/BuaZyCTlvbw,Whale watching in Colombia,creativeCommon,
waLRDbbrUu4,https://youtu.be/waLRDbbrUu4,WHAT IS THIS? #SHORTS,creativeCommon,
soz7B8qy7fk,https://youtu.be/soz7B8qy7fk,king whale (2021) #shorts,creativeCommon,
QZNvqlanoio,https://youtu.be/QZNvqlanoio,Whales morning,creativeCommon,
OgKur4hpBmY,https://youtu.be/OgKur4hpBmY,Sydney Whale Watching,creativeCommon,
lQlAPb2nxvI,https://youtu.be/lQlAPb2nxvI,king whale (2021) #shorts,creativeCommon,
vUkK0gXXTgA,https://youtu.be/vUkK0gXXTgA,king whale (2021) #shorts,creativeCommon,
UcI5kd9oiaY,https://youtu.be/UcI5kd9oiaY,king whale (2021) #shorts,creativeCommon,
fdmcWj-KE-0,https://youtu.be/fdmcWj-KE-0,Playful Dolphins,creativeCommon,
ad660PBROXE,https://youtu.be/ad660PBROXE,Follow for more video       #reels  #explorepage #explore #youradventuregram #nature #sea #ocean,creativeCommon,
vhTtbLfnjaI,https://youtu.be/vhTtbLfnjaI,The Best Whale compilation! Stunning! Swim with the whales,creativeCommon,
NgmkBsXlHnE,https://youtu.be/NgmkBsXlHnE,"South of Gerringong Boat Harbour, NSW, Australia, Overcast summer days Humpback whales passing by.",creativeCommon,
TA-eEiIPbYk,https://youtu.be/TA-eEiIPbYk,Baleine √† bosse au Pr√™cheur en 2015,creativeCommon,
_M9CMI5EjcQ,https://youtu.be/_M9CMI5EjcQ,Humpback Whale Painting by David Munroe,creativeCommon,
rHodTbB-s2w,https://youtu.be/rHodTbB-s2w,amazing videos | üò≤üò≤üòØüëç,creativeCommon,
os2SlpNa53g,https://youtu.be/os2SlpNa53g,Beautiful whale song,creativeCommon,
ks6qaJBu-D4,https://youtu.be/ks6qaJBu-D4,DELFIN,creativeCommon,
iVAer_CDowY,https://youtu.be/iVAer_CDowY,Blue Whale ‡§ï‡§æ Tongue ‡§á‡§§‡§®‡§æ ‡§¨‡•ú‡§æ.......OMGüòØüòØ  // #DN Facts #shorts #@rubysunn_lipun #shorts,creativeCommon,
Lt6NIPvGv7E,https://youtu.be/Lt6NIPvGv7E,Follow for more video       #reels  #explorepage #explore #youradventuregram #nature #sea #ocean,creativeCommon,
z8zX3Hi9m0Y,https://youtu.be/z8zX3Hi9m0Y,Whale watching at Digby Canada | Digby Nova Scotia | Bay of Fundy,creativeCommon,
5vJ2wP3v4qA,https://youtu.be/5vJ2wP3v4qA,Whale Watching Maui 2020 With Pacific Whale Foundation Hawaii,creativeCommon,
C94uYBtnHd0,https://youtu.be/C94uYBtnHd0,king whale (2021) #shorts,creativeCommon,
MUSDnCjnQh8,https://youtu.be/MUSDnCjnQh8,21 WHALES,creativeCommon,
Bju8uJVn5h0,https://youtu.be/Bju8uJVn5h0,whale time,creativeCommon,
BWRHCnqPIxs,https://youtu.be/BWRHCnqPIxs,whale sound (2021) #shorts# amazing sound wanle,creativeCommon,
kchIVHuCSmk,https://youtu.be/kchIVHuCSmk,Whale season is open !,creativeCommon,
Rfu7-Fa1H6A,https://youtu.be/Rfu7-Fa1H6A,Sitisfying Mix #asmr‚Äã #oddly‚Äã satisfying #satisfying‚Äã #shorts,creativeCommon,
5uyhW8t8Rrs,https://youtu.be/5uyhW8t8Rrs,Whale Watching - On The Bar Harbor Whale Watch Tour,creativeCommon,
xTnB5qm1JQg,https://youtu.be/xTnB5qm1JQg,Stunning Beautiful Amazing Words Just Don&#39;t Do It Ustice,creativeCommon,
4EmhKIz6aKY,https://youtu.be/4EmhKIz6aKY,Dreamer the Dark Whale,creativeCommon,
GPQL8QDRcd4,https://youtu.be/GPQL8QDRcd4,"Underwater Mother &amp; Calf Humpbacks Maui, Hawaii",creativeCommon,
ReTPJQOvdW4,https://youtu.be/ReTPJQOvdW4,New video whale jumping,creativeCommon,
X4yPgBeXTwk,https://youtu.be/X4yPgBeXTwk,How can we measure whales and dolphins? | WHALEZONE.TV S3E6,creativeCommon,
RaO78zpLE28,https://youtu.be/RaO78zpLE28,whale safari Skjerv√∏y,creativeCommon,
t7JGvXKA2JU,https://youtu.be/t7JGvXKA2JU,Graphing Historic Humpback Landings,creativeCommon,
84ZX_joirqY,https://youtu.be/84ZX_joirqY,Best Asian Fishing Video üêü Amazing Fishing  #shorts #fish #fishing #tiktok,creativeCommon,
mCI6gYzcePI,https://youtu.be/mCI6gYzcePI,Southern Right Whales,creativeCommon,
7nf_GgUXphw,https://youtu.be/7nf_GgUXphw,&quot;Safe space&quot; - Surrealistic humpback whale painting - acrylic and airbrush,creativeCommon,
eWasRoRfQlk,https://youtu.be/eWasRoRfQlk,WHALE CHASING,creativeCommon,
9JPOjPQnRgI,https://youtu.be/9JPOjPQnRgI,Whale amazing beautiful nature with global music,creativeCommon,
4gkBL4DheXY,https://youtu.be/4gkBL4DheXY,wow activity animal in the world #shorts 2022-2023,creativeCommon,
NibxfMBtnZw,https://youtu.be/NibxfMBtnZw,whale sound (2021) #shorts# amazing sound wanle,creativeCommon,
RhiuKok0QS0,https://youtu.be/RhiuKok0QS0,#Covididiots Durdle Door Jumpers before the accident 30.05.20 Cliff Jump #tombstoning,creativeCommon,
Q7U90XrTxxw,https://youtu.be/Q7U90XrTxxw,Humpback - Stressed Out,creativeCommon,
pTB-Q3ke4QA,https://youtu.be/pTB-Q3ke4QA,WHALE SHARK SPRAY PAINT ART by Spray Art Eden „Çπ„Éó„É¨„Éº„Éö„Ç§„É≥„Éà„Ç¢„Éº„Éà„Ç®„Éá„É≥,creativeCommon,
jyy4XzpOULU,https://youtu.be/jyy4XzpOULU,Bubble Rings vs Whale Shark,creativeCommon,
Bur-2C844Pc,https://youtu.be/Bur-2C844Pc,"Rural Affairs, Islands and Natural Environment Committee - 1 December 2021",creativeCommon,
802iuIJ5WzA,https://youtu.be/802iuIJ5WzA,Whale between Napasoq and Atammik,creativeCommon,
nPYp6-h6_zE,https://youtu.be/nPYp6-h6_zE,What is CHARISMATIC MEGAFAUNA? What does CHARISMATIC MEGAFAUNA mean?,creativeCommon,
H-ILCKpD4lY,https://youtu.be/H-ILCKpD4lY,Listening to Orcas off Vancouver Island with a Hydrophone,creativeCommon,
4aqHe52WEHE,https://youtu.be/4aqHe52WEHE,Name the interaction between a whale and the barnacles growing on its back.,creativeCommon,
HzozR-xJ9zM,https://youtu.be/HzozR-xJ9zM,Sea Otters of Monterey Bay with Sea Goddess Whale Watching,creativeCommon,
mLd6XzpSvYY,https://youtu.be/mLd6XzpSvYY,Blue Whale&#39;s Heart Size Comparison | Size of Blue Whale Heart | #ShortVideo 039,creativeCommon,
nBBaOmxiFkw,https://youtu.be/nBBaOmxiFkw,Whale üêã Easy Acrylic painting with Masking Tape / Step by Step / Painting tutorial #198 / Satisfying,creativeCommon,
SQW7mTY0e70,https://youtu.be/SQW7mTY0e70,145 pilot whales dead after mass stranding on Stewart Island,creativeCommon,
o_ZyNm3cxFw,https://youtu.be/o_ZyNm3cxFw,SNESdrunk Plays Secret of Mana: Whale Lizard - PART 10,creativeCommon,
N6ieaNCC6rM,https://youtu.be/N6ieaNCC6rM,Humpback is dancing,creativeCommon,
M2ByjaEom3Y,https://youtu.be/M2ByjaEom3Y,GIANT SPERM WHALE IS TOO POWERFUL !!! - Maneater Gameplay | Part 5,creativeCommon,
ptDOe8ffg-8,https://youtu.be/ptDOe8ffg-8,Whale Tuba!!,creativeCommon,
pTs_4u97OoE,https://youtu.be/pTs_4u97OoE,What is SPINDLE NEURON? What does SPINDLE NEURON mean? SPINDLE NEURON meaning &amp; explanation,creativeCommon,
0wz0mAjUvIc,https://youtu.be/0wz0mAjUvIc,Whalestep,creativeCommon,
UF1uVtklwnA,https://youtu.be/UF1uVtklwnA,Kn√∂lvalen i fiskdammen,creativeCommon,
3_VrVM2YOzg,https://youtu.be/3_VrVM2YOzg,Grey whale mother between the boats - Laguna Ojo de Liebre 0 Thore Noernberg Whale Watching,creativeCommon,
2cKovaSemkg,https://youtu.be/2cKovaSemkg,WHALE Diving Silicone Mask from Gearbest.com,creativeCommon,
iI1voQK_wO4,https://youtu.be/iI1voQK_wO4,Whale Stranding Rescue Effort 9-1-12 Full Version,creativeCommon,
euDFWuJltX0,https://youtu.be/euDFWuJltX0,Beluga Mother and Calf,creativeCommon,
SYYJVlxrw0I,https://youtu.be/SYYJVlxrw0I,Loch Ness Monster Mystery SOLVED?,creativeCommon,
mV9mN0I1DDg,https://youtu.be/mV9mN0I1DDg,Sky Whale üêã  / Acrylic Painting For Beginners / Step By Step #253 / Satisfying Art ASMR,creativeCommon,
UMcE4tc6LSE,https://youtu.be/UMcE4tc6LSE,Your Earth Is Blue: Coral Bleaching,creativeCommon,
GyTW0WVHOHI,https://youtu.be/GyTW0WVHOHI,Mozambique: Whale shark near Barra Beach,creativeCommon,
wNSewpXQb_c,https://youtu.be/wNSewpXQb_c,The Story of Jonah &amp; the Whale Full Movie | Bible Stories,creativeCommon,
8Q9GDw3-k3U,https://youtu.be/8Q9GDw3-k3U,Surfer got surprise visit by blue whalesüê≥üê≥ #bluewhale #surfers #whale #shorts #viralshorts,creativeCommon,
Inbit6wNU0k,https://youtu.be/Inbit6wNU0k,TOP SHOTS 6: Lo Mejor de la Ciencia Reciente,creativeCommon,
EwVD8iiHdm0,https://youtu.be/EwVD8iiHdm0,The Whales Are Gathering (improvised) | Song A Day #4602,creativeCommon,
GMQbQZ_lcUY,https://youtu.be/GMQbQZ_lcUY,John Dumas on Digeridoo Celebration Whales,creativeCommon,
RLqmMt_eR_M,https://youtu.be/RLqmMt_eR_M,AMAZING Swimming With WHALE SHARKS ~ Must Do in La Paz // Truck Camper Living in Baja // CtW S2 E26,creativeCommon,
xCZWFu4b72o,https://youtu.be/xCZWFu4b72o,BLUE WHALE,creativeCommon,
rBjkAATYwYM,https://youtu.be/rBjkAATYwYM,‡Æ®‡Æø‡ÆØ‡ØÇ‡Æö‡Æµ‡ØÅ‡Æ§‡Øç ‡Æµ‡Øá‡Æ≤‡Øç‡Æ∏‡Øç ‡Æ™‡Æï‡ØÅ‡Æ§‡Æø‡ÆØ‡Æø‡Æ≤‡Øç ‡Æ§‡ØÜ‡Æ©‡Øç‡Æ™‡Æü‡Øç‡Æü 100 ‡Æ§‡Æø‡ÆÆ‡Æø‡Æô‡Øç‡Æï‡Æ≤‡Æô‡Øç‡Æï‡Æ≥‡Øç | Blue Whale,creativeCommon,
oTuPSptpvEw,https://youtu.be/oTuPSptpvEw,Un baleineau vient a notre rencontre,creativeCommon,
3lYfdrllr7M,https://youtu.be/3lYfdrllr7M,Introdu√ß√£o √† Modelagem de Superf√≠cies (Baleia Jubarte) Parte 01,creativeCommon,
1VIsqRe-L6U,https://youtu.be/1VIsqRe-L6U,MVI 3581 belugas ocean ballroom audience,creativeCommon,
zJ_ojwc08ms,https://youtu.be/zJ_ojwc08ms,"¬ª Stranded Deep ¬´ | Lets Play EP 12 | Wal, Rochen &amp; Co [Deutsch][1080p]",creativeCommon,
b4EDoK6A-pU,https://youtu.be/b4EDoK6A-pU,How to Draw a whale,creativeCommon,
WZrqC0pRKrs,https://youtu.be/WZrqC0pRKrs,How to draw a blue whale,creativeCommon,
7Q_dYXUlh-Y,https://youtu.be/7Q_dYXUlh-Y,"Interview With The Ramen Rater - KWLE 1340AM &#39;The Whale&#39; - Anacortes, WA - 6/14/2013",creativeCommon,
qu3Wz1zploc,https://youtu.be/qu3Wz1zploc,How to draw a whale,creativeCommon,
c54SjBDshec,https://youtu.be/c54SjBDshec,Cheapest Place for Shopping in Iceland | Whale watching tour - Reykjavik,creativeCommon,
Z4YaphCbNcw,https://youtu.be/Z4YaphCbNcw,Honorary doctorate 2021: Prof. Peter L. Tyack (Faculty of Natural Sciences and Technical Sciences),creativeCommon,
JfG_sPCQVO0,https://youtu.be/JfG_sPCQVO0,7  Vanessa Pirotta   Australia   Famelab Final 2018,creativeCommon,
j0i5JVsooXU,https://youtu.be/j0i5JVsooXU,WATCH THIS! Orcas and White Shark IN South Australia!,creativeCommon,
baI-Tb0Qsrc,https://youtu.be/baI-Tb0Qsrc,‡§¶‡•Å‡§®‡§ø‡§Ø‡§æ ‡§ï‡§æ ‡§∏‡§¨‡§∏‡•á intelligent ‡§Æ‡§õ‡§≤‡•Ä | Amazing Facts in Hindi | #shorts,creativeCommon,
2_xHUYgnzFI,https://youtu.be/2_xHUYgnzFI,How many teeth does a Blue whale has?,creativeCommon,
CuBF8n7dMD4,https://youtu.be/CuBF8n7dMD4,Swim with giant whale shark: Australia üá¶üá∫ Ningaloo,creativeCommon,
05cM_7MeURo,https://youtu.be/05cM_7MeURo,Sailing Ocean Documentary| Dolphin Slaughter - Ocean Conservation SV AulaniAloha,creativeCommon,
kbJRxqIgEZ4,https://youtu.be/kbJRxqIgEZ4,Scientists Discover |  Different Kind of Killer Whale Off Chile,creativeCommon,
DIpxkm5UzDM,https://youtu.be/DIpxkm5UzDM,Animated Whale by Animal Makers,creativeCommon,
f9-IfQH4fi4,https://youtu.be/f9-IfQH4fi4,"Risso&#39;s Dolphins underwater in S√£o Miguel, Azores Islands | TERRA AZUL‚Ñ¢",creativeCommon,
pdfXlsy0T44,https://youtu.be/pdfXlsy0T44,Vaccinate Against Ignorance - This Week in Science Podcast (TWIS) - Episode 629,creativeCommon,
q2m2rUhrfm8,https://youtu.be/q2m2rUhrfm8,Channel Islands National Marine Sanctuary Overview,creativeCommon,
otB2dViCSm4,https://youtu.be/otB2dViCSm4,History of Whaling,creativeCommon,
0b8SJvQNoHk,https://youtu.be/0b8SJvQNoHk,Comprehension Lesson,creativeCommon,
Kb0VDkrvCww,https://youtu.be/Kb0VDkrvCww,"48 HOURS IN WATAMU, KENYA! Is Not What You Think! WHAT&#39;S INSIDE ? KEMUNTO BEAR LUXURY VLOG!",creativeCommon,
sIppbN0Fhf0,https://youtu.be/sIppbN0Fhf0,ÿ™ÿπŸÑŸäŸÖ ÿßŸÑŸÑÿ∫ÿ© ÿßŸÑÿßŸÜÿ¨ŸÑŸäÿ≤Ÿäÿ© ŸÖŸàÿ∂Ÿàÿπ ÿπŸÜ ÿßŸÑÿ≠Ÿàÿ™ whale,creativeCommon,
NCLpa6hQx-s,https://youtu.be/NCLpa6hQx-s,"Whales.#–ö–∏—Ç—ã -–≤–µ–ª–∏–∫–∞–Ω—ã,–∏—Ö –≤–µ–ª–∏—á–∏–µ.",creativeCommon,
q9P2tBTjTbE,https://youtu.be/q9P2tBTjTbE,Cartoon | Chicken Stew | English | 392 | Whale Buddy Back To The Sea,creativeCommon,
XnAQA3KAlbk,https://youtu.be/XnAQA3KAlbk,Kingfish Orca Liveaboard - Nov 2021 - Sp√¶khuggere og pukkelhvaler,creativeCommon,
mmcvGpFJKhE,https://youtu.be/mmcvGpFJKhE,"Barra De Potosi, Mexico 1080HD",creativeCommon,
QUsoByNEuHU,https://youtu.be/QUsoByNEuHU,"Plavanje z morskimi psi kitovci (Whale Shark) - Oslob, FIlipini",creativeCommon,
OPxiPC8_piI,https://youtu.be/OPxiPC8_piI,Orcas with the Mackays of Port McNeill (HD),creativeCommon,
eeBJ3e4GzKE,https://youtu.be/eeBJ3e4GzKE,Clash of Clans - A WHALE FAIL!,creativeCommon,
oiNY2d3wFrg,https://youtu.be/oiNY2d3wFrg,Une incroyable vid√©o de plusieurs baleines qui sautent hors de l&#39;eau - Tourisme C√¥te-Nord,creativeCommon,
ZG7k-wf95DU,https://youtu.be/ZG7k-wf95DU,Bar Harbor Maine Must Do - Virtual Tour -  Best Thing to Do in Bar Harbor Maine - Shore Path Trail,creativeCommon,
zVOPDBHEpPc,https://youtu.be/zVOPDBHEpPc,Ship to Hawaii: Shipping Updates (International Hawaii),creativeCommon,
HVH_1_EwST0,https://youtu.be/HVH_1_EwST0,Japan spends tsunami money on killing whales.,creativeCommon,
9ucl8OsXqKo,https://youtu.be/9ucl8OsXqKo,Orcas,creativeCommon,
hzD1O0BBOxs,https://youtu.be/hzD1O0BBOxs,Ryh√§valas kala-altaassa,creativeCommon,
cVjz2b0BMbA,https://youtu.be/cVjz2b0BMbA,Protecting New Zealand&#39;s Biodiversity - Lou Sanson at New Frontiers 2019,creativeCommon,
Mt-vCEnvDhM,https://youtu.be/Mt-vCEnvDhM,KHU V∆Ø·ªúN B·ªé HOANG C·ª¶A MEOWPEO B√ÇY GI·ªú RA SAO KH√ÅM PH√Å T√çNH NƒÇNG B·ªä L√ÉNG QU√äN TRONG MINI WORLD,creativeCommon,
Zs8q7bwfEF8,https://youtu.be/Zs8q7bwfEF8,"Fr., 08/10/18 [1Box RT] #27 - 2016 Panini SPECTRA Soccer (Football)",creativeCommon,
RC1YWPq5LBw,https://youtu.be/RC1YWPq5LBw,Protecting Marine Life | Nonprofit Report,creativeCommon,
o1dxJ-CTyr8,https://youtu.be/o1dxJ-CTyr8,Exponential Growth &amp; Exponential Decay,creativeCommon,
fpPIDGAAJeU,https://youtu.be/fpPIDGAAJeU,Webinar: Improved decision-making for the moana,creativeCommon,
ov_hpQnnDXE,https://youtu.be/ov_hpQnnDXE,Tope Shark in the Marina of Vila Franca do Campo | TERRA AZUL‚Ñ¢,creativeCommon,
i0RHpVsxqjo,https://youtu.be/i0RHpVsxqjo,New VETERAN GREAT WHITE SHARK Unlocked!!! - Hungry Shark World | HD,creativeCommon,
my5lUvu9apM,https://youtu.be/my5lUvu9apM,Sky Whales&#39; Song: 2 Hours Dark Space Ambient,creativeCommon,
4GvXxdCPVR4,https://youtu.be/4GvXxdCPVR4,CPEU3 - engage with people in meaningful ways. LAURA BRIDGEMAN.,creativeCommon,
54b3r7OFriA,https://youtu.be/54b3r7OFriA,"What is SCRIMSHAW? What does SCRIMSHAW mean? SCRIMSHAW meaning, definition &amp; explanation",creativeCommon,
bwjyeCqWaVs,https://youtu.be/bwjyeCqWaVs,Dinosaur Submarine ü§ø -  Exploration Games For Sea Curious Children | Kids Learning |  Yateland,creativeCommon,
X-9CxTgp390,https://youtu.be/X-9CxTgp390,North Branch Nature Center - Raising Whales by Joe Roman,creativeCommon,
i1oxr-y6Irc,https://youtu.be/i1oxr-y6Irc,Stories from the Blue: Million Waves Project,creativeCommon,
f7GmxUSciPg,https://youtu.be/f7GmxUSciPg,H5P Dialog Cards,creativeCommon,
cnEIRM9fIq4,https://youtu.be/cnEIRM9fIq4,"What is BAIT BALL? What does BAIT BALL mean? BAIT BALL meaning, definition &amp; explanation",creativeCommon,
7s_MNbgKUPw,https://youtu.be/7s_MNbgKUPw,Banks 101,creativeCommon,
K1RzTZI9p5U,https://youtu.be/K1RzTZI9p5U,El Secreto del Sue√±o: Un mito aborigen australiano de la creaci√≥n,creativeCommon,
2lPuOtgzfqc,https://youtu.be/2lPuOtgzfqc,Beauties of the Deep,creativeCommon,
XIhVygewzsM,https://youtu.be/XIhVygewzsM,The World&#39;s Strangest Capital Cities,creativeCommon,
5IMCpjwYcik,https://youtu.be/5IMCpjwYcik,the ocean is TERRIFYING,creativeCommon,
KueMknb_8rQ,https://youtu.be/KueMknb_8rQ,"Kingdoms, Phyla, and More",creativeCommon,
nYGZBz5iqe8,https://youtu.be/nYGZBz5iqe8,#HealyHustle | The Elephant Story - What do Elephants and Real Estate have in common?,creativeCommon,
-qKEi3EqpRM,https://youtu.be/-qKEi3EqpRM,John Scott: Gates of Freedom / Short Film Score,creativeCommon,
uL8pTh8exNI,https://youtu.be/uL8pTh8exNI,ÌïòÏôÄÏù¥ Ï∫†Ìïë ÎπÖÏïÑÏùºÎûúÎìú Ïä§ÌéúÏÑú ÎπÑÏπòÌååÌÅ¨ (Feat. ÎßàÌï†Î°úÏùò ÏãúÌÅ¨Î¶ø ÎπÑÏπòÎèÑ Í≥µÍ∞úÌï©ÎãàÎã§),creativeCommon,
NG6uz2OTLUE,https://youtu.be/NG6uz2OTLUE,Sammy&#39;s Science House 11 3 2020 2 25 44 PM,creativeCommon,
True,True,True,True,True
