,url,privacyStatus,licensedContent,license
8j1HWD8KuMM,https://youtu.be/8j1HWD8KuMM,public,False,youtube
tW_T8Z6ebmg,https://youtu.be/tW_T8Z6ebmg,public,False,youtube
oSGhnD5kmAg,https://youtu.be/oSGhnD5kmAg,public,True,youtube
6eWwFNq4i_c,https://youtu.be/6eWwFNq4i_c,public,False,youtube
RMaMmynj76s,https://youtu.be/RMaMmynj76s,public,False,youtube
WxrJtmYoHzM,https://youtu.be/WxrJtmYoHzM,public,True,youtube
ym6e3SAuyXg,https://youtu.be/ym6e3SAuyXg,public,True,youtube
H5xilsOjd2o,https://youtu.be/H5xilsOjd2o,public,True,youtube
xE3g5UFS7aI,https://youtu.be/xE3g5UFS7aI,public,False,youtube
8eF3T9nm9KU,https://youtu.be/8eF3T9nm9KU,public,False,youtube
eTlajj5qDoY,https://youtu.be/eTlajj5qDoY,public,True,youtube
Hxj-iHHAa24,https://youtu.be/Hxj-iHHAa24,public,False,youtube
H3qAaxdjATE,https://youtu.be/H3qAaxdjATE,public,True,youtube
4qx_In8Ny2s,https://youtu.be/4qx_In8Ny2s,public,False,youtube
Dz817OfdCWY,https://youtu.be/Dz817OfdCWY,public,True,youtube
bAQ3L_A3TxM,https://youtu.be/bAQ3L_A3TxM,public,False,creativeCommon
yCqxJfuthls,https://youtu.be/yCqxJfuthls,public,True,youtube
PYtbutOrVXk,https://youtu.be/PYtbutOrVXk,public,True,youtube
USlfNF-jgcU,https://youtu.be/USlfNF-jgcU,public,False,youtube
MW0BM9hIGFU,https://youtu.be/MW0BM9hIGFU,public,False,youtube
0EuMbD4zecQ,https://youtu.be/0EuMbD4zecQ,public,False,youtube
z532StqPiB4,https://youtu.be/z532StqPiB4,public,False,youtube
CFOCC5XpTT0,https://youtu.be/CFOCC5XpTT0,public,False,youtube
tIwcaihmF5o,https://youtu.be/tIwcaihmF5o,public,False,youtube
NIi_ewCqOqI,https://youtu.be/NIi_ewCqOqI,public,False,youtube
pKuR-KEOYm4,https://youtu.be/pKuR-KEOYm4,public,True,youtube
euYTbsjTJyo,https://youtu.be/euYTbsjTJyo,public,False,youtube
NavthP7hxsw,https://youtu.be/NavthP7hxsw,public,False,youtube
jL_jhgN7BBE,https://youtu.be/jL_jhgN7BBE,public,False,youtube
g5cKpXH_owc,https://youtu.be/g5cKpXH_owc,public,False,youtube
xsV7dykAvRQ,https://youtu.be/xsV7dykAvRQ,public,False,youtube
pGQLxZl3cVQ,https://youtu.be/pGQLxZl3cVQ,public,True,youtube
kkNdxJvrvUg,https://youtu.be/kkNdxJvrvUg,public,True,youtube
HmgagtS6u3k,https://youtu.be/HmgagtS6u3k,public,False,youtube
Q5N4i_rmNlg,https://youtu.be/Q5N4i_rmNlg,public,False,youtube
0YbyXiMbGUw,https://youtu.be/0YbyXiMbGUw,public,False,youtube
7_FPOHx3Z4g,https://youtu.be/7_FPOHx3Z4g,public,True,youtube
ZKilos0TpCU,https://youtu.be/ZKilos0TpCU,public,True,youtube
YN5F8Ne1dY4,https://youtu.be/YN5F8Ne1dY4,public,True,youtube
bhgwfZPJA7U,https://youtu.be/bhgwfZPJA7U,public,False,youtube
islcacjS2eg,https://youtu.be/islcacjS2eg,public,True,youtube
DfhSgCVQ7rs,https://youtu.be/DfhSgCVQ7rs,public,False,youtube
rHJtvVMwuqU,https://youtu.be/rHJtvVMwuqU,public,False,youtube
SFgdMhiV0uE,https://youtu.be/SFgdMhiV0uE,public,True,youtube
VOCboCg9SMk,https://youtu.be/VOCboCg9SMk,public,True,youtube
UxkWf8fcct8,https://youtu.be/UxkWf8fcct8,public,True,youtube
TA7nBE2PeXc,https://youtu.be/TA7nBE2PeXc,public,True,youtube
O-YlG-pUkG0,https://youtu.be/O-YlG-pUkG0,public,False,youtube
Hh5rZZZwSQ0,https://youtu.be/Hh5rZZZwSQ0,public,True,youtube
RxVkTM04JxE,https://youtu.be/RxVkTM04JxE,public,True,youtube
wPwfYixE3hY,https://youtu.be/wPwfYixE3hY,public,True,youtube
Fp5Yef9Qtnk,https://youtu.be/Fp5Yef9Qtnk,public,True,youtube
tDDHSLyDybo,https://youtu.be/tDDHSLyDybo,public,False,youtube
b2stpTlQ3dU,https://youtu.be/b2stpTlQ3dU,public,True,youtube
5DA1y3N6e3k,https://youtu.be/5DA1y3N6e3k,public,False,youtube
uOwUO6cZXoM,https://youtu.be/uOwUO6cZXoM,public,False,youtube
rOMLh7cKaWY,https://youtu.be/rOMLh7cKaWY,public,False,youtube
TDyzP35hTKM,https://youtu.be/TDyzP35hTKM,public,False,youtube
M7rMGYqtSiA,https://youtu.be/M7rMGYqtSiA,public,False,creativeCommon
PnvdiFruV28,https://youtu.be/PnvdiFruV28,public,False,youtube
G10_wHNNPeI,https://youtu.be/G10_wHNNPeI,public,True,youtube
RJaN1tFUhGI,https://youtu.be/RJaN1tFUhGI,public,False,youtube
VZWU4VpTzHQ,https://youtu.be/VZWU4VpTzHQ,public,False,youtube
igkiK8X4x3E,https://youtu.be/igkiK8X4x3E,public,False,youtube
DIiCNd7hHHY,https://youtu.be/DIiCNd7hHHY,public,False,youtube
Gmv4KM5rhOo,https://youtu.be/Gmv4KM5rhOo,public,False,youtube
4lrKXCqnBSI,https://youtu.be/4lrKXCqnBSI,public,False,youtube
1-uTTkasjM4,https://youtu.be/1-uTTkasjM4,public,True,youtube
swScjAPHbAQ,https://youtu.be/swScjAPHbAQ,public,False,youtube
GIFZ-AFQDkg,https://youtu.be/GIFZ-AFQDkg,public,False,youtube
M_IpPOUhjTY,https://youtu.be/M_IpPOUhjTY,public,True,youtube
qUPmIEykGOY,https://youtu.be/qUPmIEykGOY,public,True,youtube
MLN1f1rBE3Q,https://youtu.be/MLN1f1rBE3Q,public,False,youtube
QRx2mDWGeQg,https://youtu.be/QRx2mDWGeQg,public,True,youtube
oCrgwbI8ou0,https://youtu.be/oCrgwbI8ou0,public,False,youtube
OUdXby3ONzg,https://youtu.be/OUdXby3ONzg,public,True,youtube
YpnKWU-pBuM,https://youtu.be/YpnKWU-pBuM,public,False,youtube
N52HJPTd5Zo,https://youtu.be/N52HJPTd5Zo,public,False,youtube
NIOyxPVfXHA,https://youtu.be/NIOyxPVfXHA,public,False,youtube
h25b8GbHcs8,https://youtu.be/h25b8GbHcs8,public,False,youtube
yyPH0jjexh0,https://youtu.be/yyPH0jjexh0,public,False,youtube
-gpk-qudJzA,https://youtu.be/-gpk-qudJzA,public,False,youtube
DlBhBLTtoAg,https://youtu.be/DlBhBLTtoAg,public,False,youtube
h9YLidVhczs,https://youtu.be/h9YLidVhczs,public,False,youtube
MDtmoV4CdCo,https://youtu.be/MDtmoV4CdCo,public,True,youtube
2DzgMAK7s4M,https://youtu.be/2DzgMAK7s4M,public,False,youtube
NpeWlH6RyOk,https://youtu.be/NpeWlH6RyOk,public,False,youtube
ljZwIcRUd4s,https://youtu.be/ljZwIcRUd4s,public,True,youtube
rgmO7MMKcs8,https://youtu.be/rgmO7MMKcs8,public,True,youtube
UM7m_sCwFwg,https://youtu.be/UM7m_sCwFwg,public,True,youtube
o__-z-lePjA,https://youtu.be/o__-z-lePjA,public,False,youtube
pyRrSNQ-mfM,https://youtu.be/pyRrSNQ-mfM,public,True,youtube
YwHQKW8l7p0,https://youtu.be/YwHQKW8l7p0,public,False,youtube
prENP-cteb0,https://youtu.be/prENP-cteb0,public,False,youtube
30IWFnuY43w,https://youtu.be/30IWFnuY43w,public,True,youtube
tjfMJYr8dMo,https://youtu.be/tjfMJYr8dMo,public,True,youtube
YOa8K_B3F2s,https://youtu.be/YOa8K_B3F2s,public,False,youtube
gWofeL2RV-g,https://youtu.be/gWofeL2RV-g,public,False,youtube
8gbE745d0uw,https://youtu.be/8gbE745d0uw,public,False,youtube
91GBC02ru9s,https://youtu.be/91GBC02ru9s,public,True,youtube
HB-zqdequrs,https://youtu.be/HB-zqdequrs,public,False,youtube
hsPsulhkZSU,https://youtu.be/hsPsulhkZSU,public,False,youtube
7bJApapF7QA,https://youtu.be/7bJApapF7QA,public,False,youtube
annlmtwKcQU,https://youtu.be/annlmtwKcQU,public,True,youtube
f-XCgIF2uo4,https://youtu.be/f-XCgIF2uo4,public,False,youtube
KlN9m8naRtU,https://youtu.be/KlN9m8naRtU,public,False,youtube
FavL7MOoPKY,https://youtu.be/FavL7MOoPKY,public,False,youtube
8FfbvObOkNA,https://youtu.be/8FfbvObOkNA,public,True,youtube
q1eNcoRLzFY,https://youtu.be/q1eNcoRLzFY,public,False,youtube
3iL4BxCOT0c,https://youtu.be/3iL4BxCOT0c,public,True,youtube
o1bwcna56rk,https://youtu.be/o1bwcna56rk,public,False,youtube
czoy5r0O7yk,https://youtu.be/czoy5r0O7yk,public,True,youtube
f2zwJX3cTyU,https://youtu.be/f2zwJX3cTyU,public,False,youtube
xYJ7msi3tAk,https://youtu.be/xYJ7msi3tAk,public,True,youtube
LMc3Va0D1rQ,https://youtu.be/LMc3Va0D1rQ,public,False,youtube
esGp4P23gK8,https://youtu.be/esGp4P23gK8,public,True,youtube
HbTKPauv_Iw,https://youtu.be/HbTKPauv_Iw,public,False,youtube
xsH4lWUWqg8,https://youtu.be/xsH4lWUWqg8,public,False,youtube
YcvV3HkzC-g,https://youtu.be/YcvV3HkzC-g,public,False,youtube
vD8wIOxXvEw,https://youtu.be/vD8wIOxXvEw,public,True,youtube
o7Q-wsuH-aI,https://youtu.be/o7Q-wsuH-aI,public,False,creativeCommon
ilor0A-s3ts,https://youtu.be/ilor0A-s3ts,public,False,youtube
eBuZzZsA_4g,https://youtu.be/eBuZzZsA_4g,public,False,youtube
_MyNFyMxav8,https://youtu.be/_MyNFyMxav8,public,True,youtube
DfLEqqh-unM,https://youtu.be/DfLEqqh-unM,public,False,youtube
GfuapW5mKms,https://youtu.be/GfuapW5mKms,public,False,youtube
n60_WUScyFw,https://youtu.be/n60_WUScyFw,public,False,youtube
flGWwcEBh0g,https://youtu.be/flGWwcEBh0g,public,True,youtube
fBosTF8xJB8,https://youtu.be/fBosTF8xJB8,public,False,youtube
NGBQaGXcAfI,https://youtu.be/NGBQaGXcAfI,public,False,youtube
udECkIb8yfM,https://youtu.be/udECkIb8yfM,public,True,youtube
-82rlEvkgas,https://youtu.be/-82rlEvkgas,public,False,youtube
ccFVrRp6MzM,https://youtu.be/ccFVrRp6MzM,public,True,youtube
QkdLwpdJ4FM,https://youtu.be/QkdLwpdJ4FM,public,True,youtube
n67_y4gSAP8,https://youtu.be/n67_y4gSAP8,public,False,youtube
RD9tUmDl9H0,https://youtu.be/RD9tUmDl9H0,public,False,youtube
lQ4LXNmkOPY,https://youtu.be/lQ4LXNmkOPY,public,False,youtube
mDpART5GWWQ,https://youtu.be/mDpART5GWWQ,public,True,youtube
Wgc5eo7w1tc,https://youtu.be/Wgc5eo7w1tc,public,True,youtube
OoeAGM8Sxro,https://youtu.be/OoeAGM8Sxro,public,False,youtube
wzQs3IuJtmY,https://youtu.be/wzQs3IuJtmY,public,False,youtube
tBrxJMwLdfA,https://youtu.be/tBrxJMwLdfA,public,False,youtube
IigXYyw1WRs,https://youtu.be/IigXYyw1WRs,public,True,youtube
FbMmdVdKT24,https://youtu.be/FbMmdVdKT24,public,False,youtube
zVrFxlV2GSo,https://youtu.be/zVrFxlV2GSo,public,False,youtube
MfvghiAzt70,https://youtu.be/MfvghiAzt70,public,False,youtube
OOrt72vZRc8,https://youtu.be/OOrt72vZRc8,public,False,youtube
ECMV6PcuBgs,https://youtu.be/ECMV6PcuBgs,public,True,youtube
BxH-fYBHggI,https://youtu.be/BxH-fYBHggI,public,True,youtube
jSX7_paIBpY,https://youtu.be/jSX7_paIBpY,public,False,youtube
rong9q868QE,https://youtu.be/rong9q868QE,public,False,youtube
qCJTmw1h0aE,https://youtu.be/qCJTmw1h0aE,public,False,youtube
gcUW3so4dnI,https://youtu.be/gcUW3so4dnI,public,True,youtube
bEXeNRQJTrI,https://youtu.be/bEXeNRQJTrI,public,True,youtube
tRTf80C_Mwo,https://youtu.be/tRTf80C_Mwo,public,True,youtube
aylR3GTN_G4,https://youtu.be/aylR3GTN_G4,public,False,youtube
-IPEZY1Cl48,https://youtu.be/-IPEZY1Cl48,public,False,youtube
3snEBpWjM8s,https://youtu.be/3snEBpWjM8s,public,False,youtube
cMhK95n7_1k,https://youtu.be/cMhK95n7_1k,public,False,youtube
qH545TpcFRQ,https://youtu.be/qH545TpcFRQ,public,True,youtube
TJQXWw4Wl28,https://youtu.be/TJQXWw4Wl28,public,False,youtube
eTMYRgaysyE,https://youtu.be/eTMYRgaysyE,public,False,youtube
nmiA6kz_P0I,https://youtu.be/nmiA6kz_P0I,public,True,youtube
Tgl51EsJ-zU,https://youtu.be/Tgl51EsJ-zU,public,True,youtube
h07AIkRxmzA,https://youtu.be/h07AIkRxmzA,public,True,youtube
ZdkpfpuCGzM,https://youtu.be/ZdkpfpuCGzM,public,True,youtube
aJ6eb2pXvOg,https://youtu.be/aJ6eb2pXvOg,public,True,youtube
V2Sp6V3wbyU,https://youtu.be/V2Sp6V3wbyU,public,True,youtube
M3dRSE4j8zQ,https://youtu.be/M3dRSE4j8zQ,public,True,youtube
EtEoB9bWER8,https://youtu.be/EtEoB9bWER8,public,True,youtube
Ed2zKpQm4-c,https://youtu.be/Ed2zKpQm4-c,public,True,youtube
CRx85-q08y4,https://youtu.be/CRx85-q08y4,public,False,youtube
lh8y7YZlyzE,https://youtu.be/lh8y7YZlyzE,public,True,youtube
jbTaVw9X7fs,https://youtu.be/jbTaVw9X7fs,public,False,youtube
mL_dVpmtA5Y,https://youtu.be/mL_dVpmtA5Y,public,True,youtube
D8ZhkToa3l4,https://youtu.be/D8ZhkToa3l4,public,True,youtube
f7pg0QeXls8,https://youtu.be/f7pg0QeXls8,public,True,youtube
Iy_vEjINBpI,https://youtu.be/Iy_vEjINBpI,public,False,youtube
jDYyjw6ojlk,https://youtu.be/jDYyjw6ojlk,public,False,youtube
b7iJbj8tkUw,https://youtu.be/b7iJbj8tkUw,public,True,youtube
fOjO_szyqds,https://youtu.be/fOjO_szyqds,public,True,youtube
lHnDDgMUgtI,https://youtu.be/lHnDDgMUgtI,public,False,youtube
uw9cLrQM1Pk,https://youtu.be/uw9cLrQM1Pk,public,True,youtube
LEpyhZ5rQLs,https://youtu.be/LEpyhZ5rQLs,public,True,youtube
5i2frhQKn-g,https://youtu.be/5i2frhQKn-g,public,False,youtube
ECWGcmvZpV8,https://youtu.be/ECWGcmvZpV8,public,False,youtube
nkP4yVwOhCI,https://youtu.be/nkP4yVwOhCI,public,True,youtube
gFEIKBDdGcw,https://youtu.be/gFEIKBDdGcw,public,True,youtube
GY6taj-Jq6c,https://youtu.be/GY6taj-Jq6c,public,True,youtube
F8Z6uFof2hc,https://youtu.be/F8Z6uFof2hc,public,False,creativeCommon
XLa7-yEe6mw,https://youtu.be/XLa7-yEe6mw,public,False,youtube
XE3X-qojbN0,https://youtu.be/XE3X-qojbN0,public,True,youtube
mCDhahtg5zY,https://youtu.be/mCDhahtg5zY,public,False,youtube
VVIocpGPtCk,https://youtu.be/VVIocpGPtCk,public,False,youtube
Qy5I9LWfb2I,https://youtu.be/Qy5I9LWfb2I,public,True,youtube
0IN4lypb0Fg,https://youtu.be/0IN4lypb0Fg,public,True,youtube
pwGtAWV1qE0,https://youtu.be/pwGtAWV1qE0,public,True,youtube
bpZFp9-u77s,https://youtu.be/bpZFp9-u77s,public,True,youtube
dkFCC8IjL0U,https://youtu.be/dkFCC8IjL0U,public,True,youtube
udGKzhJf17s,https://youtu.be/udGKzhJf17s,public,False,youtube
w2qJ7JFQKhA,https://youtu.be/w2qJ7JFQKhA,public,True,youtube
CF5_Q58quH0,https://youtu.be/CF5_Q58quH0,public,True,youtube
BgE6rIK_Kcg,https://youtu.be/BgE6rIK_Kcg,public,False,youtube
uHnJcomdUJw,https://youtu.be/uHnJcomdUJw,public,True,youtube
iIv_vWPcC6g,https://youtu.be/iIv_vWPcC6g,public,True,youtube
oqNfj5rXj74,https://youtu.be/oqNfj5rXj74,public,True,youtube
SBmgYkaZk1Q,https://youtu.be/SBmgYkaZk1Q,public,True,youtube
s3OHU9uA6ok,https://youtu.be/s3OHU9uA6ok,unavailable,unavailable,unavailable
YZ3CTiWiCoM,https://youtu.be/YZ3CTiWiCoM,public,False,youtube
v4j1CLIiUfA,https://youtu.be/v4j1CLIiUfA,public,True,youtube
FSRXqtklheY,https://youtu.be/FSRXqtklheY,public,True,youtube
srZUrDiO3z4,https://youtu.be/srZUrDiO3z4,public,False,youtube
DPPVML2t3RU,https://youtu.be/DPPVML2t3RU,public,False,youtube
-p65-uZ9dpY,https://youtu.be/-p65-uZ9dpY,public,False,youtube
GeUlKnt2lAY,https://youtu.be/GeUlKnt2lAY,public,False,youtube
nLwHFZWZbqw,https://youtu.be/nLwHFZWZbqw,public,False,youtube
yWOiRH99s4M,https://youtu.be/yWOiRH99s4M,public,True,youtube
nEiJEssX4X8,https://youtu.be/nEiJEssX4X8,public,True,youtube
-ze1bHnqOt0,https://youtu.be/-ze1bHnqOt0,public,False,youtube
9uWKo_0ajnw,https://youtu.be/9uWKo_0ajnw,public,False,youtube
-j2UvqqeFag,https://youtu.be/-j2UvqqeFag,public,True,youtube
A0oQYJUJWE4,https://youtu.be/A0oQYJUJWE4,public,False,youtube
y3hSkTvFS-o,https://youtu.be/y3hSkTvFS-o,public,True,youtube
-ogZNJy2IOY,https://youtu.be/-ogZNJy2IOY,public,True,youtube
ASSf3MGJLsI,https://youtu.be/ASSf3MGJLsI,public,True,youtube
rbF_ec0BYt4,https://youtu.be/rbF_ec0BYt4,public,False,youtube
I82N9I_SVmM,https://youtu.be/I82N9I_SVmM,public,False,youtube
bE6FxjPbYcc,https://youtu.be/bE6FxjPbYcc,public,False,youtube
DIesiEj4XEw,https://youtu.be/DIesiEj4XEw,public,False,youtube
CnHl9Zr_07Y,https://youtu.be/CnHl9Zr_07Y,public,False,youtube
qjg8n42JpUk,https://youtu.be/qjg8n42JpUk,public,False,youtube
-kurcgdWyd4,https://youtu.be/-kurcgdWyd4,public,False,youtube
1ywWjh5QIUI,https://youtu.be/1ywWjh5QIUI,public,False,youtube
Stj8HI7SGQc,https://youtu.be/Stj8HI7SGQc,public,False,youtube
6GClmyvxhg8,https://youtu.be/6GClmyvxhg8,public,False,youtube
9WLJ6hM1Fbw,https://youtu.be/9WLJ6hM1Fbw,public,True,youtube
juX8DV7E6NE,https://youtu.be/juX8DV7E6NE,public,False,youtube
yqtjLxGDSC4,https://youtu.be/yqtjLxGDSC4,public,False,youtube
iiKMpDhTRlA,https://youtu.be/iiKMpDhTRlA,public,False,youtube
hAEyA2PmEYc,https://youtu.be/hAEyA2PmEYc,public,False,youtube
0RJuAEElD9Y,https://youtu.be/0RJuAEElD9Y,public,True,youtube
kMzfKYxTDM8,https://youtu.be/kMzfKYxTDM8,public,False,youtube
-lUF2ETF_TM,https://youtu.be/-lUF2ETF_TM,public,True,youtube
sqHqLV1E8xw,https://youtu.be/sqHqLV1E8xw,public,False,youtube
X55QJv8Wo84,https://youtu.be/X55QJv8Wo84,public,False,youtube
MGwOvYiaOP8,https://youtu.be/MGwOvYiaOP8,public,True,youtube
0UuRK25rETM,https://youtu.be/0UuRK25rETM,public,True,youtube
LJ4p_zspisA,https://youtu.be/LJ4p_zspisA,public,True,youtube
0yVyc475xc4,https://youtu.be/0yVyc475xc4,public,True,youtube
gDxelW5Y6kg,https://youtu.be/gDxelW5Y6kg,public,True,youtube
r7Zf8PEf310,https://youtu.be/r7Zf8PEf310,public,False,youtube
rZRoCSDBER8,https://youtu.be/rZRoCSDBER8,public,False,youtube
YyR39JW412w,https://youtu.be/YyR39JW412w,public,False,youtube
SFdHda2_4Tw,https://youtu.be/SFdHda2_4Tw,public,False,youtube
8JkyApQfDVc,https://youtu.be/8JkyApQfDVc,public,False,youtube
_2ytLHBkxSM,https://youtu.be/_2ytLHBkxSM,public,False,youtube
-Y2GzxS_zqg,https://youtu.be/-Y2GzxS_zqg,public,False,youtube
cqov5_D6StU,https://youtu.be/cqov5_D6StU,public,False,youtube
RMlmKyqQE-8,https://youtu.be/RMlmKyqQE-8,public,False,youtube
tpfIceU52yU,https://youtu.be/tpfIceU52yU,public,True,youtube
9CiXo2xIlWY,https://youtu.be/9CiXo2xIlWY,public,False,youtube
-EAQOLsSuDg,https://youtu.be/-EAQOLsSuDg,public,False,youtube
ArR8Y8NXD1Y,https://youtu.be/ArR8Y8NXD1Y,public,True,youtube
oI41ib787QA,https://youtu.be/oI41ib787QA,public,True,youtube
Ip6I0PA0ETg,https://youtu.be/Ip6I0PA0ETg,public,False,youtube
ns-qxs99vcY,https://youtu.be/ns-qxs99vcY,public,True,youtube
z9fgTez-21s,https://youtu.be/z9fgTez-21s,public,False,youtube
45l_RwbySTc,https://youtu.be/45l_RwbySTc,public,False,youtube
8fxnyr8etyE,https://youtu.be/8fxnyr8etyE,public,False,youtube
7oqzr9GRG7c,https://youtu.be/7oqzr9GRG7c,public,False,youtube
gv6u2MnqMcs,https://youtu.be/gv6u2MnqMcs,public,False,youtube
0TBVIh9jm3A,https://youtu.be/0TBVIh9jm3A,public,False,youtube
WMGAvi9aexE,https://youtu.be/WMGAvi9aexE,public,False,youtube
HQHskmmVt5U,https://youtu.be/HQHskmmVt5U,public,False,youtube
9fZxoa1G4II,https://youtu.be/9fZxoa1G4II,public,False,youtube
UbeqrUkj1ZA,https://youtu.be/UbeqrUkj1ZA,public,False,youtube
Abco79InYYk,https://youtu.be/Abco79InYYk,public,False,youtube
0GuvNXJLg4c,https://youtu.be/0GuvNXJLg4c,public,True,youtube
fK5ntTEh2ow,https://youtu.be/fK5ntTEh2ow,public,False,youtube
Ai6dsKwI9nE,https://youtu.be/Ai6dsKwI9nE,public,True,youtube
VOnIS9qdYrI,https://youtu.be/VOnIS9qdYrI,public,False,youtube
ciLP1Zh4Ttk,https://youtu.be/ciLP1Zh4Ttk,public,False,youtube
D8EtgMSOVyY,https://youtu.be/D8EtgMSOVyY,public,False,youtube
6L3gt4J8zSA,https://youtu.be/6L3gt4J8zSA,public,False,youtube
QQccJmoETRQ,https://youtu.be/QQccJmoETRQ,public,True,youtube
LCNcad83b9A,https://youtu.be/LCNcad83b9A,public,False,youtube
F9JHyYp1H7Q,https://youtu.be/F9JHyYp1H7Q,public,False,youtube
gaIM2sDra1E,https://youtu.be/gaIM2sDra1E,public,False,youtube
UyixmKchF8o,https://youtu.be/UyixmKchF8o,public,False,youtube
WINmRk_NQ_U,https://youtu.be/WINmRk_NQ_U,public,False,youtube
Sq1bcN4lhBU,https://youtu.be/Sq1bcN4lhBU,public,False,youtube
ZVOCQpBDT24,https://youtu.be/ZVOCQpBDT24,public,False,youtube
ezzPKNRRZHY,https://youtu.be/ezzPKNRRZHY,public,False,youtube
u6Mjmnbf2uU,https://youtu.be/u6Mjmnbf2uU,public,False,youtube
Oc2EXAdhLyg,https://youtu.be/Oc2EXAdhLyg,public,False,youtube
gparK0ENwQU,https://youtu.be/gparK0ENwQU,public,False,youtube
FFye-Mw_Vgs,https://youtu.be/FFye-Mw_Vgs,public,False,youtube
lPhPFGy6tKg,https://youtu.be/lPhPFGy6tKg,public,True,youtube
A33g2rB4dfU,https://youtu.be/A33g2rB4dfU,public,False,youtube
3nOe6Fx7tjo,https://youtu.be/3nOe6Fx7tjo,public,False,youtube
BTDHchOFcRE,https://youtu.be/BTDHchOFcRE,public,False,youtube
67MMQVgghDw,https://youtu.be/67MMQVgghDw,public,False,youtube
2A-jlm92ib4,https://youtu.be/2A-jlm92ib4,public,False,youtube
7ukt0KF0Hws,https://youtu.be/7ukt0KF0Hws,public,True,youtube
Bc-ser8bCHs,https://youtu.be/Bc-ser8bCHs,public,False,youtube
nqFiDTwAnkk,https://youtu.be/nqFiDTwAnkk,public,True,youtube
hFjceMXVdIo,https://youtu.be/hFjceMXVdIo,public,False,youtube
VIdaSVlLTlU,https://youtu.be/VIdaSVlLTlU,unavailable,unavailable,unavailable
F1J4Aw4zUpM,https://youtu.be/F1J4Aw4zUpM,public,True,youtube
bL6KnriZf4k,https://youtu.be/bL6KnriZf4k,public,True,youtube
zzucIi916W4,https://youtu.be/zzucIi916W4,public,False,youtube
2-da4G1PVRo,https://youtu.be/2-da4G1PVRo,public,False,youtube
pqCNjgy9gyk,https://youtu.be/pqCNjgy9gyk,public,True,youtube
favMGnCOwdw,https://youtu.be/favMGnCOwdw,public,False,youtube
PBPpCH3WEoQ,https://youtu.be/PBPpCH3WEoQ,public,False,youtube
HvWpQX-oOkI,https://youtu.be/HvWpQX-oOkI,public,True,youtube
xxPU8EtJSZQ,https://youtu.be/xxPU8EtJSZQ,public,True,youtube
H7owpyb7Jsk,https://youtu.be/H7owpyb7Jsk,public,True,youtube
Ld8b6aya8-8,https://youtu.be/Ld8b6aya8-8,public,True,youtube
AxibvjtDf5g,https://youtu.be/AxibvjtDf5g,public,False,youtube
kVLq0g3Mtwk,https://youtu.be/kVLq0g3Mtwk,public,False,youtube
qhdXrMDeVF8,https://youtu.be/qhdXrMDeVF8,public,True,youtube
8QEwzBxTdLo,https://youtu.be/8QEwzBxTdLo,public,True,youtube
U-MD4Y39nUg,https://youtu.be/U-MD4Y39nUg,public,True,youtube
gN98PBRNhqs,https://youtu.be/gN98PBRNhqs,public,True,youtube
7kr1xnsbgfY,https://youtu.be/7kr1xnsbgfY,public,True,youtube
DaL8yLc0wlw,https://youtu.be/DaL8yLc0wlw,public,False,youtube
IY-rtOViekU,https://youtu.be/IY-rtOViekU,public,False,youtube
6V6oLRAZREs,https://youtu.be/6V6oLRAZREs,public,True,youtube
hje_vkXHSDU,https://youtu.be/hje_vkXHSDU,public,True,youtube
QEv5L_WZYy4,https://youtu.be/QEv5L_WZYy4,public,True,youtube
SPazfN5MotA,https://youtu.be/SPazfN5MotA,public,False,youtube
KAsO0UIWnso,https://youtu.be/KAsO0UIWnso,public,False,youtube
SgGl_LVcPHU,https://youtu.be/SgGl_LVcPHU,public,True,youtube
BMXmbjVoKQY,https://youtu.be/BMXmbjVoKQY,public,False,youtube
M_W9zswV_ik,https://youtu.be/M_W9zswV_ik,public,False,youtube
pNrhEBRNK88,https://youtu.be/pNrhEBRNK88,public,True,youtube
Aml8oCoLwTk,https://youtu.be/Aml8oCoLwTk,public,False,youtube
9Ef05x10nU8,https://youtu.be/9Ef05x10nU8,public,True,youtube
0GVLWAHjQQM,https://youtu.be/0GVLWAHjQQM,public,False,youtube
2bddgEQWYc4,https://youtu.be/2bddgEQWYc4,public,False,youtube
GLqKMAq1Og8,https://youtu.be/GLqKMAq1Og8,public,False,youtube
rv7bUFEyaJs,https://youtu.be/rv7bUFEyaJs,public,True,youtube
mrV1lkUqgwQ,https://youtu.be/mrV1lkUqgwQ,public,True,youtube
LobzZuLxc7U,https://youtu.be/LobzZuLxc7U,public,True,youtube
I5MS9j7CKO8,https://youtu.be/I5MS9j7CKO8,public,True,youtube
rk4P73PKbPc,https://youtu.be/rk4P73PKbPc,public,True,youtube
7A2F7uJlazU,https://youtu.be/7A2F7uJlazU,public,False,youtube
-9nKvk5FMic,https://youtu.be/-9nKvk5FMic,public,False,youtube
k2a8WKLWJoE,https://youtu.be/k2a8WKLWJoE,public,True,youtube
jMF74bebuRI,https://youtu.be/jMF74bebuRI,public,True,youtube
DXM6409fPYo,https://youtu.be/DXM6409fPYo,public,True,youtube
w0gmyUAZS4o,https://youtu.be/w0gmyUAZS4o,public,True,youtube
ObgBW8c4jgI,https://youtu.be/ObgBW8c4jgI,public,False,youtube
f0UkyInOLb4,https://youtu.be/f0UkyInOLb4,public,True,youtube
Uv_ZNuQBiDQ,https://youtu.be/Uv_ZNuQBiDQ,public,True,youtube
c3L9-ZmDg8s,https://youtu.be/c3L9-ZmDg8s,public,True,youtube
qySjInbImdc,https://youtu.be/qySjInbImdc,public,True,youtube
e9ztIfQZnvw,https://youtu.be/e9ztIfQZnvw,public,True,youtube
_w8fweM7Wa8,https://youtu.be/_w8fweM7Wa8,public,True,youtube
0ALPVQAj-Vc,https://youtu.be/0ALPVQAj-Vc,public,False,youtube
h1gqXxjxU-Y,https://youtu.be/h1gqXxjxU-Y,public,True,youtube
zFDKFBn4Z9c,https://youtu.be/zFDKFBn4Z9c,public,False,youtube
jNfPS1Pz5js,https://youtu.be/jNfPS1Pz5js,unlisted,False,youtube
zMJCUx2A0J8,https://youtu.be/zMJCUx2A0J8,public,False,youtube
qRT8aRsYxyQ,https://youtu.be/qRT8aRsYxyQ,public,True,youtube
D_7VUy30SVE,https://youtu.be/D_7VUy30SVE,public,False,youtube
pDgyF9UOcmA,https://youtu.be/pDgyF9UOcmA,public,True,youtube
wG6Iuo7NIkA,https://youtu.be/wG6Iuo7NIkA,public,False,youtube
s5o6MV-ii3U,https://youtu.be/s5o6MV-ii3U,public,False,youtube
ZM7CgRJ0InM,https://youtu.be/ZM7CgRJ0InM,unavailable,unavailable,unavailable
zulK1gpne3Y,https://youtu.be/zulK1gpne3Y,public,True,youtube
3Z1v4xMQFZ4,https://youtu.be/3Z1v4xMQFZ4,public,True,youtube
vuLuNIMQW1E,https://youtu.be/vuLuNIMQW1E,public,False,youtube
NZCkJ5gl7lE,https://youtu.be/NZCkJ5gl7lE,public,False,youtube
mywxGXRX7wM,https://youtu.be/mywxGXRX7wM,public,False,youtube
iR9Rz3ytAyY,https://youtu.be/iR9Rz3ytAyY,public,True,youtube
WxrKHjRPu14,https://youtu.be/WxrKHjRPu14,public,False,youtube
jvsePuvn2u8,https://youtu.be/jvsePuvn2u8,public,False,youtube
TMNCGXioB-c,https://youtu.be/TMNCGXioB-c,public,True,youtube
R23xteq5-G0,https://youtu.be/R23xteq5-G0,public,False,youtube
fNWWTXp4eKo,https://youtu.be/fNWWTXp4eKo,public,False,youtube
gKQ_WCURrCA,https://youtu.be/gKQ_WCURrCA,public,False,youtube
BnKPCOiNGkc,https://youtu.be/BnKPCOiNGkc,public,True,youtube
a2KFDp5AWdc,https://youtu.be/a2KFDp5AWdc,public,False,youtube
HrtSYwHVh74,https://youtu.be/HrtSYwHVh74,public,True,youtube
Svo1HsVkMz4,https://youtu.be/Svo1HsVkMz4,public,False,youtube
PSNzMzL6LHQ,https://youtu.be/PSNzMzL6LHQ,public,False,youtube
hkcQiA9oDr0,https://youtu.be/hkcQiA9oDr0,public,False,youtube
205IxDsWfJE,https://youtu.be/205IxDsWfJE,public,False,youtube
_ZFKpQtmZ3M,https://youtu.be/_ZFKpQtmZ3M,public,False,youtube
STZz3FixcLA,https://youtu.be/STZz3FixcLA,public,False,youtube
qynLomhMNjs,https://youtu.be/qynLomhMNjs,public,False,youtube
BrV6K_lefyE,https://youtu.be/BrV6K_lefyE,public,False,youtube
taJ60kskkns,https://youtu.be/taJ60kskkns,public,True,youtube
xy7v3Yb9shQ,https://youtu.be/xy7v3Yb9shQ,public,False,youtube
KgPLcPAiYEE,https://youtu.be/KgPLcPAiYEE,public,True,youtube
7FTqmKssWy4,https://youtu.be/7FTqmKssWy4,public,False,youtube
csm_1p1sU8o,https://youtu.be/csm_1p1sU8o,public,True,youtube
J7wBGRY3380,https://youtu.be/J7wBGRY3380,public,False,youtube
JEtGdOfrnBA,https://youtu.be/JEtGdOfrnBA,public,True,youtube
NAGQJTKEQ_s,https://youtu.be/NAGQJTKEQ_s,public,False,creativeCommon
pXztGhYJXDI,https://youtu.be/pXztGhYJXDI,public,True,youtube
YjY6PQqqMBg,https://youtu.be/YjY6PQqqMBg,public,False,youtube
uKMJs4MGMEA,https://youtu.be/uKMJs4MGMEA,public,False,youtube
xzBSPM2GppA,https://youtu.be/xzBSPM2GppA,public,False,youtube
J_UF5cajbxo,https://youtu.be/J_UF5cajbxo,public,False,youtube
